id,tab,code,scale_id/id,level_id/id,daily_salary,currency_id/id
l10n_mx_payslip.hr_salary_tab_BANCN001,Plan Salarial Banco,BANC,l10n_mx_payslip.hr_salary_tab_level_scale_1,l10n_mx_payslip.hr_salary_tab_level_level_N00,1,base.MXN
l10n_mx_payslip.hr_salary_tab_BANCN002,Plan Salarial Banco,BANC,l10n_mx_payslip.hr_salary_tab_level_scale_2,l10n_mx_payslip.hr_salary_tab_level_level_N00,2,base.MXN
l10n_mx_payslip.hr_salary_tab_BANCN003,Plan Salarial Banco,BANC,l10n_mx_payslip.hr_salary_tab_level_scale_3,l10n_mx_payslip.hr_salary_tab_level_level_N00,3,base.MXN
l10n_mx_payslip.hr_salary_tab_BANCN004,Plan Salarial Banco,BANC,l10n_mx_payslip.hr_salary_tab_level_scale_4,l10n_mx_payslip.hr_salary_tab_level_level_N00,4,base.MXN
l10n_mx_payslip.hr_salary_tab_BANCN005,Plan Salarial Banco,BANC,l10n_mx_payslip.hr_salary_tab_level_scale_5,l10n_mx_payslip.hr_salary_tab_level_level_N00,5,base.MXN
l10n_mx_payslip.hr_salary_tab_BANCN006,Plan Salarial Banco,BANC,l10n_mx_payslip.hr_salary_tab_level_scale_6,l10n_mx_payslip.hr_salary_tab_level_level_N00,6,base.MXN
l10n_mx_payslip.hr_salary_tab_BANCN011,Plan Salarial Banco,BANC,l10n_mx_payslip.hr_salary_tab_level_scale_1,l10n_mx_payslip.hr_salary_tab_level_level_N01,7,base.MXN
l10n_mx_payslip.hr_salary_tab_BANCN012,Plan Salarial Banco,BANC,l10n_mx_payslip.hr_salary_tab_level_scale_2,l10n_mx_payslip.hr_salary_tab_level_level_N01,8,base.MXN
l10n_mx_payslip.hr_salary_tab_BANCN013,Plan Salarial Banco,BANC,l10n_mx_payslip.hr_salary_tab_level_scale_3,l10n_mx_payslip.hr_salary_tab_level_level_N01,9,base.MXN
l10n_mx_payslip.hr_salary_tab_BANCN014,Plan Salarial Banco,BANC,l10n_mx_payslip.hr_salary_tab_level_scale_4,l10n_mx_payslip.hr_salary_tab_level_level_N01,10,base.MXN
l10n_mx_payslip.hr_salary_tab_BANCN015,Plan Salarial Banco,BANC,l10n_mx_payslip.hr_salary_tab_level_scale_5,l10n_mx_payslip.hr_salary_tab_level_level_N01,11,base.MXN
l10n_mx_payslip.hr_salary_tab_BANCN016,Plan Salarial Banco,BANC,l10n_mx_payslip.hr_salary_tab_level_scale_6,l10n_mx_payslip.hr_salary_tab_level_level_N01,12,base.MXN
l10n_mx_payslip.hr_salary_tab_BANCN021,Plan Salarial Banco,BANC,l10n_mx_payslip.hr_salary_tab_level_scale_1,l10n_mx_payslip.hr_salary_tab_level_level_N02,13,base.MXN
l10n_mx_payslip.hr_salary_tab_BANCN022,Plan Salarial Banco,BANC,l10n_mx_payslip.hr_salary_tab_level_scale_2,l10n_mx_payslip.hr_salary_tab_level_level_N02,14,base.MXN
l10n_mx_payslip.hr_salary_tab_BANCN023,Plan Salarial Banco,BANC,l10n_mx_payslip.hr_salary_tab_level_scale_3,l10n_mx_payslip.hr_salary_tab_level_level_N02,15,base.MXN
l10n_mx_payslip.hr_salary_tab_BANCN024,Plan Salarial Banco,BANC,l10n_mx_payslip.hr_salary_tab_level_scale_4,l10n_mx_payslip.hr_salary_tab_level_level_N02,16,base.MXN
l10n_mx_payslip.hr_salary_tab_BANCN025,Plan Salarial Banco,BANC,l10n_mx_payslip.hr_salary_tab_level_scale_5,l10n_mx_payslip.hr_salary_tab_level_level_N02,17,base.MXN
l10n_mx_payslip.hr_salary_tab_BANCN026,Plan Salarial Banco,BANC,l10n_mx_payslip.hr_salary_tab_level_scale_6,l10n_mx_payslip.hr_salary_tab_level_level_N02,18,base.MXN
l10n_mx_payslip.hr_salary_tab_BANCN031,Plan Salarial Banco,BANC,l10n_mx_payslip.hr_salary_tab_level_scale_1,l10n_mx_payslip.hr_salary_tab_level_level_N03,123.22,base.MXN
l10n_mx_payslip.hr_salary_tab_BANCN032,Plan Salarial Banco,BANC,l10n_mx_payslip.hr_salary_tab_level_scale_2,l10n_mx_payslip.hr_salary_tab_level_level_N03,20,base.MXN
l10n_mx_payslip.hr_salary_tab_BANCN033,Plan Salarial Banco,BANC,l10n_mx_payslip.hr_salary_tab_level_scale_3,l10n_mx_payslip.hr_salary_tab_level_level_N03,21,base.MXN
l10n_mx_payslip.hr_salary_tab_BANCN034,Plan Salarial Banco,BANC,l10n_mx_payslip.hr_salary_tab_level_scale_4,l10n_mx_payslip.hr_salary_tab_level_level_N03,22,base.MXN
l10n_mx_payslip.hr_salary_tab_BANCN035,Plan Salarial Banco,BANC,l10n_mx_payslip.hr_salary_tab_level_scale_5,l10n_mx_payslip.hr_salary_tab_level_level_N03,23,base.MXN
l10n_mx_payslip.hr_salary_tab_BANCN036,Plan Salarial Banco,BANC,l10n_mx_payslip.hr_salary_tab_level_scale_6,l10n_mx_payslip.hr_salary_tab_level_level_N03,24,base.MXN
l10n_mx_payslip.hr_salary_tab_BANCN041,Plan Salarial Banco,BANC,l10n_mx_payslip.hr_salary_tab_level_scale_1,l10n_mx_payslip.hr_salary_tab_level_level_N04,25,base.MXN
l10n_mx_payslip.hr_salary_tab_BANCN042,Plan Salarial Banco,BANC,l10n_mx_payslip.hr_salary_tab_level_scale_2,l10n_mx_payslip.hr_salary_tab_level_level_N04,26,base.MXN
l10n_mx_payslip.hr_salary_tab_BANCN043,Plan Salarial Banco,BANC,l10n_mx_payslip.hr_salary_tab_level_scale_3,l10n_mx_payslip.hr_salary_tab_level_level_N04,27,base.MXN
l10n_mx_payslip.hr_salary_tab_BANCN044,Plan Salarial Banco,BANC,l10n_mx_payslip.hr_salary_tab_level_scale_4,l10n_mx_payslip.hr_salary_tab_level_level_N04,28,base.MXN
l10n_mx_payslip.hr_salary_tab_BANCN045,Plan Salarial Banco,BANC,l10n_mx_payslip.hr_salary_tab_level_scale_5,l10n_mx_payslip.hr_salary_tab_level_level_N04,29,base.MXN
l10n_mx_payslip.hr_salary_tab_BANCN046,Plan Salarial Banco,BANC,l10n_mx_payslip.hr_salary_tab_level_scale_6,l10n_mx_payslip.hr_salary_tab_level_level_N04,30,base.MXN
l10n_mx_payslip.hr_salary_tab_BANCN051,Plan Salarial Banco,BANC,l10n_mx_payslip.hr_salary_tab_level_scale_1,l10n_mx_payslip.hr_salary_tab_level_level_N05,31,base.MXN
l10n_mx_payslip.hr_salary_tab_BANCN052,Plan Salarial Banco,BANC,l10n_mx_payslip.hr_salary_tab_level_scale_2,l10n_mx_payslip.hr_salary_tab_level_level_N05,32,base.MXN
l10n_mx_payslip.hr_salary_tab_BANCN053,Plan Salarial Banco,BANC,l10n_mx_payslip.hr_salary_tab_level_scale_3,l10n_mx_payslip.hr_salary_tab_level_level_N05,33,base.MXN
l10n_mx_payslip.hr_salary_tab_BANCN054,Plan Salarial Banco,BANC,l10n_mx_payslip.hr_salary_tab_level_scale_4,l10n_mx_payslip.hr_salary_tab_level_level_N05,34,base.MXN
l10n_mx_payslip.hr_salary_tab_BANCN055,Plan Salarial Banco,BANC,l10n_mx_payslip.hr_salary_tab_level_scale_5,l10n_mx_payslip.hr_salary_tab_level_level_N05,35,base.MXN
l10n_mx_payslip.hr_salary_tab_BANCN056,Plan Salarial Banco,BANC,l10n_mx_payslip.hr_salary_tab_level_scale_6,l10n_mx_payslip.hr_salary_tab_level_level_N05,36,base.MXN
l10n_mx_payslip.hr_salary_tab_BANCN061,Plan Salarial Banco,BANC,l10n_mx_payslip.hr_salary_tab_level_scale_1,l10n_mx_payslip.hr_salary_tab_level_level_N06,37,base.MXN
l10n_mx_payslip.hr_salary_tab_BANCN062,Plan Salarial Banco,BANC,l10n_mx_payslip.hr_salary_tab_level_scale_2,l10n_mx_payslip.hr_salary_tab_level_level_N06,38,base.MXN
l10n_mx_payslip.hr_salary_tab_BANCN063,Plan Salarial Banco,BANC,l10n_mx_payslip.hr_salary_tab_level_scale_3,l10n_mx_payslip.hr_salary_tab_level_level_N06,39,base.MXN
l10n_mx_payslip.hr_salary_tab_BANCN064,Plan Salarial Banco,BANC,l10n_mx_payslip.hr_salary_tab_level_scale_4,l10n_mx_payslip.hr_salary_tab_level_level_N06,40,base.MXN
l10n_mx_payslip.hr_salary_tab_BANCN065,Plan Salarial Banco,BANC,l10n_mx_payslip.hr_salary_tab_level_scale_5,l10n_mx_payslip.hr_salary_tab_level_level_N06,41,base.MXN
l10n_mx_payslip.hr_salary_tab_BANCN066,Plan Salarial Banco,BANC,l10n_mx_payslip.hr_salary_tab_level_scale_6,l10n_mx_payslip.hr_salary_tab_level_level_N06,42,base.MXN
l10n_mx_payslip.hr_salary_tab_BANCN071,Plan Salarial Banco,BANC,l10n_mx_payslip.hr_salary_tab_level_scale_1,l10n_mx_payslip.hr_salary_tab_level_level_N07,43,base.MXN
l10n_mx_payslip.hr_salary_tab_BANCN072,Plan Salarial Banco,BANC,l10n_mx_payslip.hr_salary_tab_level_scale_2,l10n_mx_payslip.hr_salary_tab_level_level_N07,44,base.MXN
l10n_mx_payslip.hr_salary_tab_BANCN073,Plan Salarial Banco,BANC,l10n_mx_payslip.hr_salary_tab_level_scale_3,l10n_mx_payslip.hr_salary_tab_level_level_N07,45,base.MXN
l10n_mx_payslip.hr_salary_tab_BANCN074,Plan Salarial Banco,BANC,l10n_mx_payslip.hr_salary_tab_level_scale_4,l10n_mx_payslip.hr_salary_tab_level_level_N07,46,base.MXN
l10n_mx_payslip.hr_salary_tab_BANCN075,Plan Salarial Banco,BANC,l10n_mx_payslip.hr_salary_tab_level_scale_5,l10n_mx_payslip.hr_salary_tab_level_level_N07,47,base.MXN
l10n_mx_payslip.hr_salary_tab_BANCN076,Plan Salarial Banco,BANC,l10n_mx_payslip.hr_salary_tab_level_scale_6,l10n_mx_payslip.hr_salary_tab_level_level_N07,48,base.MXN
l10n_mx_payslip.hr_salary_tab_BANCN081,Plan Salarial Banco,BANC,l10n_mx_payslip.hr_salary_tab_level_scale_1,l10n_mx_payslip.hr_salary_tab_level_level_N08,49,base.MXN
l10n_mx_payslip.hr_salary_tab_BANCN082,Plan Salarial Banco,BANC,l10n_mx_payslip.hr_salary_tab_level_scale_2,l10n_mx_payslip.hr_salary_tab_level_level_N08,50,base.MXN
l10n_mx_payslip.hr_salary_tab_BANCN083,Plan Salarial Banco,BANC,l10n_mx_payslip.hr_salary_tab_level_scale_3,l10n_mx_payslip.hr_salary_tab_level_level_N08,51,base.MXN
l10n_mx_payslip.hr_salary_tab_BANCN084,Plan Salarial Banco,BANC,l10n_mx_payslip.hr_salary_tab_level_scale_4,l10n_mx_payslip.hr_salary_tab_level_level_N08,52,base.MXN
l10n_mx_payslip.hr_salary_tab_BANCN085,Plan Salarial Banco,BANC,l10n_mx_payslip.hr_salary_tab_level_scale_5,l10n_mx_payslip.hr_salary_tab_level_level_N08,53,base.MXN
l10n_mx_payslip.hr_salary_tab_BANCN086,Plan Salarial Banco,BANC,l10n_mx_payslip.hr_salary_tab_level_scale_6,l10n_mx_payslip.hr_salary_tab_level_level_N08,54,base.MXN
l10n_mx_payslip.hr_salary_tab_BANCN091,Plan Salarial Banco,BANC,l10n_mx_payslip.hr_salary_tab_level_scale_1,l10n_mx_payslip.hr_salary_tab_level_level_N09,55,base.MXN
l10n_mx_payslip.hr_salary_tab_BANCN092,Plan Salarial Banco,BANC,l10n_mx_payslip.hr_salary_tab_level_scale_2,l10n_mx_payslip.hr_salary_tab_level_level_N09,56,base.MXN
l10n_mx_payslip.hr_salary_tab_BANCN093,Plan Salarial Banco,BANC,l10n_mx_payslip.hr_salary_tab_level_scale_3,l10n_mx_payslip.hr_salary_tab_level_level_N09,57,base.MXN
l10n_mx_payslip.hr_salary_tab_BANCN094,Plan Salarial Banco,BANC,l10n_mx_payslip.hr_salary_tab_level_scale_4,l10n_mx_payslip.hr_salary_tab_level_level_N09,58,base.MXN
l10n_mx_payslip.hr_salary_tab_BANCN095,Plan Salarial Banco,BANC,l10n_mx_payslip.hr_salary_tab_level_scale_5,l10n_mx_payslip.hr_salary_tab_level_level_N09,59,base.MXN
l10n_mx_payslip.hr_salary_tab_BANCN096,Plan Salarial Banco,BANC,l10n_mx_payslip.hr_salary_tab_level_scale_6,l10n_mx_payslip.hr_salary_tab_level_level_N09,60,base.MXN
l10n_mx_payslip.hr_salary_tab_BANCN101,Plan Salarial Banco,BANC,l10n_mx_payslip.hr_salary_tab_level_scale_1,l10n_mx_payslip.hr_salary_tab_level_level_N10,61,base.MXN
l10n_mx_payslip.hr_salary_tab_BANCN102,Plan Salarial Banco,BANC,l10n_mx_payslip.hr_salary_tab_level_scale_2,l10n_mx_payslip.hr_salary_tab_level_level_N10,62,base.MXN
l10n_mx_payslip.hr_salary_tab_BANCN103,Plan Salarial Banco,BANC,l10n_mx_payslip.hr_salary_tab_level_scale_3,l10n_mx_payslip.hr_salary_tab_level_level_N10,63,base.MXN
l10n_mx_payslip.hr_salary_tab_BANCN104,Plan Salarial Banco,BANC,l10n_mx_payslip.hr_salary_tab_level_scale_4,l10n_mx_payslip.hr_salary_tab_level_level_N10,64,base.MXN
l10n_mx_payslip.hr_salary_tab_BANCN105,Plan Salarial Banco,BANC,l10n_mx_payslip.hr_salary_tab_level_scale_5,l10n_mx_payslip.hr_salary_tab_level_level_N10,65,base.MXN
l10n_mx_payslip.hr_salary_tab_BANCN106,Plan Salarial Banco,BANC,l10n_mx_payslip.hr_salary_tab_level_scale_6,l10n_mx_payslip.hr_salary_tab_level_level_N10,66,base.MXN
l10n_mx_payslip.hr_salary_tab_BANCN111,Plan Salarial Banco,BANC,l10n_mx_payslip.hr_salary_tab_level_scale_1,l10n_mx_payslip.hr_salary_tab_level_level_N11,67,base.MXN
l10n_mx_payslip.hr_salary_tab_BANCN112,Plan Salarial Banco,BANC,l10n_mx_payslip.hr_salary_tab_level_scale_2,l10n_mx_payslip.hr_salary_tab_level_level_N11,68,base.MXN
l10n_mx_payslip.hr_salary_tab_BANCN113,Plan Salarial Banco,BANC,l10n_mx_payslip.hr_salary_tab_level_scale_3,l10n_mx_payslip.hr_salary_tab_level_level_N11,69,base.MXN
l10n_mx_payslip.hr_salary_tab_BANCN114,Plan Salarial Banco,BANC,l10n_mx_payslip.hr_salary_tab_level_scale_4,l10n_mx_payslip.hr_salary_tab_level_level_N11,70,base.MXN
l10n_mx_payslip.hr_salary_tab_BANCN115,Plan Salarial Banco,BANC,l10n_mx_payslip.hr_salary_tab_level_scale_5,l10n_mx_payslip.hr_salary_tab_level_level_N11,71,base.MXN
l10n_mx_payslip.hr_salary_tab_BANCN116,Plan Salarial Banco,BANC,l10n_mx_payslip.hr_salary_tab_level_scale_6,l10n_mx_payslip.hr_salary_tab_level_level_N11,72,base.MXN
l10n_mx_payslip.hr_salary_tab_BANCN121,Plan Salarial Banco,BANC,l10n_mx_payslip.hr_salary_tab_level_scale_1,l10n_mx_payslip.hr_salary_tab_level_level_N12,73,base.MXN
l10n_mx_payslip.hr_salary_tab_BANCN122,Plan Salarial Banco,BANC,l10n_mx_payslip.hr_salary_tab_level_scale_2,l10n_mx_payslip.hr_salary_tab_level_level_N12,74,base.MXN
l10n_mx_payslip.hr_salary_tab_BANCN123,Plan Salarial Banco,BANC,l10n_mx_payslip.hr_salary_tab_level_scale_3,l10n_mx_payslip.hr_salary_tab_level_level_N12,75,base.MXN
l10n_mx_payslip.hr_salary_tab_BANCN124,Plan Salarial Banco,BANC,l10n_mx_payslip.hr_salary_tab_level_scale_4,l10n_mx_payslip.hr_salary_tab_level_level_N12,76,base.MXN
l10n_mx_payslip.hr_salary_tab_BANCN125,Plan Salarial Banco,BANC,l10n_mx_payslip.hr_salary_tab_level_scale_5,l10n_mx_payslip.hr_salary_tab_level_level_N12,77,base.MXN
l10n_mx_payslip.hr_salary_tab_BANCN126,Plan Salarial Banco,BANC,l10n_mx_payslip.hr_salary_tab_level_scale_6,l10n_mx_payslip.hr_salary_tab_level_level_N12,78,base.MXN
l10n_mx_payslip.hr_salary_tab_BANCN131,Plan Salarial Banco,BANC,l10n_mx_payslip.hr_salary_tab_level_scale_1,l10n_mx_payslip.hr_salary_tab_level_level_N13,79,base.MXN
l10n_mx_payslip.hr_salary_tab_BANCN132,Plan Salarial Banco,BANC,l10n_mx_payslip.hr_salary_tab_level_scale_2,l10n_mx_payslip.hr_salary_tab_level_level_N13,80,base.MXN
l10n_mx_payslip.hr_salary_tab_BANCN133,Plan Salarial Banco,BANC,l10n_mx_payslip.hr_salary_tab_level_scale_3,l10n_mx_payslip.hr_salary_tab_level_level_N13,81,base.MXN
l10n_mx_payslip.hr_salary_tab_BANCN134,Plan Salarial Banco,BANC,l10n_mx_payslip.hr_salary_tab_level_scale_4,l10n_mx_payslip.hr_salary_tab_level_level_N13,82,base.MXN
l10n_mx_payslip.hr_salary_tab_BANCN135,Plan Salarial Banco,BANC,l10n_mx_payslip.hr_salary_tab_level_scale_5,l10n_mx_payslip.hr_salary_tab_level_level_N13,83,base.MXN
l10n_mx_payslip.hr_salary_tab_BANCN136,Plan Salarial Banco,BANC,l10n_mx_payslip.hr_salary_tab_level_scale_6,l10n_mx_payslip.hr_salary_tab_level_level_N13,84,base.MXN
l10n_mx_payslip.hr_salary_tab_BANCN141,Plan Salarial Banco,BANC,l10n_mx_payslip.hr_salary_tab_level_scale_1,l10n_mx_payslip.hr_salary_tab_level_level_N14,85,base.MXN
l10n_mx_payslip.hr_salary_tab_BANCN142,Plan Salarial Banco,BANC,l10n_mx_payslip.hr_salary_tab_level_scale_2,l10n_mx_payslip.hr_salary_tab_level_level_N14,86,base.MXN
l10n_mx_payslip.hr_salary_tab_BANCN143,Plan Salarial Banco,BANC,l10n_mx_payslip.hr_salary_tab_level_scale_3,l10n_mx_payslip.hr_salary_tab_level_level_N14,87,base.MXN
l10n_mx_payslip.hr_salary_tab_BANCN144,Plan Salarial Banco,BANC,l10n_mx_payslip.hr_salary_tab_level_scale_4,l10n_mx_payslip.hr_salary_tab_level_level_N14,88,base.MXN
l10n_mx_payslip.hr_salary_tab_BANCN145,Plan Salarial Banco,BANC,l10n_mx_payslip.hr_salary_tab_level_scale_5,l10n_mx_payslip.hr_salary_tab_level_level_N14,89,base.MXN
l10n_mx_payslip.hr_salary_tab_BANCN146,Plan Salarial Banco,BANC,l10n_mx_payslip.hr_salary_tab_level_scale_6,l10n_mx_payslip.hr_salary_tab_level_level_N14,90,base.MXN
l10n_mx_payslip.hr_salary_tab_BANCN151,Plan Salarial Banco,BANC,l10n_mx_payslip.hr_salary_tab_level_scale_1,l10n_mx_payslip.hr_salary_tab_level_level_N15,91,base.MXN
l10n_mx_payslip.hr_salary_tab_BANCN152,Plan Salarial Banco,BANC,l10n_mx_payslip.hr_salary_tab_level_scale_2,l10n_mx_payslip.hr_salary_tab_level_level_N15,92,base.MXN
l10n_mx_payslip.hr_salary_tab_BANCN153,Plan Salarial Banco,BANC,l10n_mx_payslip.hr_salary_tab_level_scale_3,l10n_mx_payslip.hr_salary_tab_level_level_N15,93,base.MXN
l10n_mx_payslip.hr_salary_tab_BANCN154,Plan Salarial Banco,BANC,l10n_mx_payslip.hr_salary_tab_level_scale_4,l10n_mx_payslip.hr_salary_tab_level_level_N15,94,base.MXN
l10n_mx_payslip.hr_salary_tab_BANCN155,Plan Salarial Banco,BANC,l10n_mx_payslip.hr_salary_tab_level_scale_5,l10n_mx_payslip.hr_salary_tab_level_level_N15,95,base.MXN
l10n_mx_payslip.hr_salary_tab_BANCN156,Plan Salarial Banco,BANC,l10n_mx_payslip.hr_salary_tab_level_scale_6,l10n_mx_payslip.hr_salary_tab_level_level_N15,96,base.MXN
l10n_mx_payslip.hr_salary_tab_BANCN161,Plan Salarial Banco,BANC,l10n_mx_payslip.hr_salary_tab_level_scale_1,l10n_mx_payslip.hr_salary_tab_level_level_N16,97,base.MXN
l10n_mx_payslip.hr_salary_tab_BANCN162,Plan Salarial Banco,BANC,l10n_mx_payslip.hr_salary_tab_level_scale_2,l10n_mx_payslip.hr_salary_tab_level_level_N16,98,base.MXN
l10n_mx_payslip.hr_salary_tab_BANCN163,Plan Salarial Banco,BANC,l10n_mx_payslip.hr_salary_tab_level_scale_3,l10n_mx_payslip.hr_salary_tab_level_level_N16,99,base.MXN
l10n_mx_payslip.hr_salary_tab_BANCN164,Plan Salarial Banco,BANC,l10n_mx_payslip.hr_salary_tab_level_scale_4,l10n_mx_payslip.hr_salary_tab_level_level_N16,100,base.MXN
l10n_mx_payslip.hr_salary_tab_BANCN165,Plan Salarial Banco,BANC,l10n_mx_payslip.hr_salary_tab_level_scale_5,l10n_mx_payslip.hr_salary_tab_level_level_N16,101,base.MXN
l10n_mx_payslip.hr_salary_tab_BANCN166,Plan Salarial Banco,BANC,l10n_mx_payslip.hr_salary_tab_level_scale_6,l10n_mx_payslip.hr_salary_tab_level_level_N16,102,base.MXN
l10n_mx_payslip.hr_salary_tab_BANCN171,Plan Salarial Banco,BANC,l10n_mx_payslip.hr_salary_tab_level_scale_1,l10n_mx_payslip.hr_salary_tab_level_level_N17,103,base.MXN
l10n_mx_payslip.hr_salary_tab_BANCN172,Plan Salarial Banco,BANC,l10n_mx_payslip.hr_salary_tab_level_scale_2,l10n_mx_payslip.hr_salary_tab_level_level_N17,104,base.MXN
l10n_mx_payslip.hr_salary_tab_BANCN173,Plan Salarial Banco,BANC,l10n_mx_payslip.hr_salary_tab_level_scale_3,l10n_mx_payslip.hr_salary_tab_level_level_N17,105,base.MXN
l10n_mx_payslip.hr_salary_tab_BANCN174,Plan Salarial Banco,BANC,l10n_mx_payslip.hr_salary_tab_level_scale_4,l10n_mx_payslip.hr_salary_tab_level_level_N17,106,base.MXN
l10n_mx_payslip.hr_salary_tab_BANCN175,Plan Salarial Banco,BANC,l10n_mx_payslip.hr_salary_tab_level_scale_5,l10n_mx_payslip.hr_salary_tab_level_level_N17,107,base.MXN
l10n_mx_payslip.hr_salary_tab_BANCN176,Plan Salarial Banco,BANC,l10n_mx_payslip.hr_salary_tab_level_scale_6,l10n_mx_payslip.hr_salary_tab_level_level_N17,108,base.MXN
l10n_mx_payslip.hr_salary_tab_BANCN181,Plan Salarial Banco,BANC,l10n_mx_payslip.hr_salary_tab_level_scale_1,l10n_mx_payslip.hr_salary_tab_level_level_N18,109,base.MXN
l10n_mx_payslip.hr_salary_tab_BANCN182,Plan Salarial Banco,BANC,l10n_mx_payslip.hr_salary_tab_level_scale_2,l10n_mx_payslip.hr_salary_tab_level_level_N18,110,base.MXN
l10n_mx_payslip.hr_salary_tab_BANCN183,Plan Salarial Banco,BANC,l10n_mx_payslip.hr_salary_tab_level_scale_3,l10n_mx_payslip.hr_salary_tab_level_level_N18,111,base.MXN
l10n_mx_payslip.hr_salary_tab_BANCN184,Plan Salarial Banco,BANC,l10n_mx_payslip.hr_salary_tab_level_scale_4,l10n_mx_payslip.hr_salary_tab_level_level_N18,112,base.MXN
l10n_mx_payslip.hr_salary_tab_BANCN185,Plan Salarial Banco,BANC,l10n_mx_payslip.hr_salary_tab_level_scale_5,l10n_mx_payslip.hr_salary_tab_level_level_N18,113,base.MXN
l10n_mx_payslip.hr_salary_tab_BANCN186,Plan Salarial Banco,BANC,l10n_mx_payslip.hr_salary_tab_level_scale_6,l10n_mx_payslip.hr_salary_tab_level_level_N18,114,base.MXN
l10n_mx_payslip.hr_salary_tab_BANCN191,Plan Salarial Banco,BANC,l10n_mx_payslip.hr_salary_tab_level_scale_1,l10n_mx_payslip.hr_salary_tab_level_level_N19,115,base.MXN
l10n_mx_payslip.hr_salary_tab_BANCN192,Plan Salarial Banco,BANC,l10n_mx_payslip.hr_salary_tab_level_scale_2,l10n_mx_payslip.hr_salary_tab_level_level_N19,116,base.MXN
l10n_mx_payslip.hr_salary_tab_BANCN193,Plan Salarial Banco,BANC,l10n_mx_payslip.hr_salary_tab_level_scale_3,l10n_mx_payslip.hr_salary_tab_level_level_N19,117,base.MXN
l10n_mx_payslip.hr_salary_tab_BANCN194,Plan Salarial Banco,BANC,l10n_mx_payslip.hr_salary_tab_level_scale_4,l10n_mx_payslip.hr_salary_tab_level_level_N19,118,base.MXN
l10n_mx_payslip.hr_salary_tab_BANCN195,Plan Salarial Banco,BANC,l10n_mx_payslip.hr_salary_tab_level_scale_5,l10n_mx_payslip.hr_salary_tab_level_level_N19,119,base.MXN
l10n_mx_payslip.hr_salary_tab_BANCN196,Plan Salarial Banco,BANC,l10n_mx_payslip.hr_salary_tab_level_scale_6,l10n_mx_payslip.hr_salary_tab_level_level_N19,120,base.MXN
l10n_mx_payslip.hr_salary_tab_BANCN201,Plan Salarial Banco,BANC,l10n_mx_payslip.hr_salary_tab_level_scale_1,l10n_mx_payslip.hr_salary_tab_level_level_N20,121,base.MXN
l10n_mx_payslip.hr_salary_tab_BANCN202,Plan Salarial Banco,BANC,l10n_mx_payslip.hr_salary_tab_level_scale_2,l10n_mx_payslip.hr_salary_tab_level_level_N20,122,base.MXN
l10n_mx_payslip.hr_salary_tab_BANCN203,Plan Salarial Banco,BANC,l10n_mx_payslip.hr_salary_tab_level_scale_3,l10n_mx_payslip.hr_salary_tab_level_level_N20,123,base.MXN
l10n_mx_payslip.hr_salary_tab_BANCN204,Plan Salarial Banco,BANC,l10n_mx_payslip.hr_salary_tab_level_scale_4,l10n_mx_payslip.hr_salary_tab_level_level_N20,124,base.MXN
l10n_mx_payslip.hr_salary_tab_BANCN205,Plan Salarial Banco,BANC,l10n_mx_payslip.hr_salary_tab_level_scale_5,l10n_mx_payslip.hr_salary_tab_level_level_N20,125,base.MXN
l10n_mx_payslip.hr_salary_tab_BANCN206,Plan Salarial Banco,BANC,l10n_mx_payslip.hr_salary_tab_level_scale_6,l10n_mx_payslip.hr_salary_tab_level_level_N20,126,base.MXN
l10n_mx_payslip.hr_salary_tab_BANCN211,Plan Salarial Banco,BANC,l10n_mx_payslip.hr_salary_tab_level_scale_1,l10n_mx_payslip.hr_salary_tab_level_level_N21,127,base.MXN
l10n_mx_payslip.hr_salary_tab_BANCN212,Plan Salarial Banco,BANC,l10n_mx_payslip.hr_salary_tab_level_scale_2,l10n_mx_payslip.hr_salary_tab_level_level_N21,128,base.MXN
l10n_mx_payslip.hr_salary_tab_BANCN213,Plan Salarial Banco,BANC,l10n_mx_payslip.hr_salary_tab_level_scale_3,l10n_mx_payslip.hr_salary_tab_level_level_N21,129,base.MXN
l10n_mx_payslip.hr_salary_tab_BANCN214,Plan Salarial Banco,BANC,l10n_mx_payslip.hr_salary_tab_level_scale_4,l10n_mx_payslip.hr_salary_tab_level_level_N21,130,base.MXN
l10n_mx_payslip.hr_salary_tab_BANCN215,Plan Salarial Banco,BANC,l10n_mx_payslip.hr_salary_tab_level_scale_5,l10n_mx_payslip.hr_salary_tab_level_level_N21,131,base.MXN
l10n_mx_payslip.hr_salary_tab_BANCN216,Plan Salarial Banco,BANC,l10n_mx_payslip.hr_salary_tab_level_scale_6,l10n_mx_payslip.hr_salary_tab_level_level_N21,132,base.MXN
l10n_mx_payslip.hr_salary_tab_BANCN221,Plan Salarial Banco,BANC,l10n_mx_payslip.hr_salary_tab_level_scale_1,l10n_mx_payslip.hr_salary_tab_level_level_N22,133,base.MXN
l10n_mx_payslip.hr_salary_tab_BANCN222,Plan Salarial Banco,BANC,l10n_mx_payslip.hr_salary_tab_level_scale_2,l10n_mx_payslip.hr_salary_tab_level_level_N22,134,base.MXN
l10n_mx_payslip.hr_salary_tab_BANCN223,Plan Salarial Banco,BANC,l10n_mx_payslip.hr_salary_tab_level_scale_3,l10n_mx_payslip.hr_salary_tab_level_level_N22,135,base.MXN
l10n_mx_payslip.hr_salary_tab_BANCN224,Plan Salarial Banco,BANC,l10n_mx_payslip.hr_salary_tab_level_scale_4,l10n_mx_payslip.hr_salary_tab_level_level_N22,136,base.MXN
l10n_mx_payslip.hr_salary_tab_BANCN225,Plan Salarial Banco,BANC,l10n_mx_payslip.hr_salary_tab_level_scale_5,l10n_mx_payslip.hr_salary_tab_level_level_N22,137,base.MXN
l10n_mx_payslip.hr_salary_tab_BANCN226,Plan Salarial Banco,BANC,l10n_mx_payslip.hr_salary_tab_level_scale_6,l10n_mx_payslip.hr_salary_tab_level_level_N22,138,base.MXN
l10n_mx_payslip.hr_salary_tab_BANCN231,Plan Salarial Banco,BANC,l10n_mx_payslip.hr_salary_tab_level_scale_1,l10n_mx_payslip.hr_salary_tab_level_level_N23,139,base.MXN
l10n_mx_payslip.hr_salary_tab_BANCN232,Plan Salarial Banco,BANC,l10n_mx_payslip.hr_salary_tab_level_scale_2,l10n_mx_payslip.hr_salary_tab_level_level_N23,140,base.MXN
l10n_mx_payslip.hr_salary_tab_BANCN233,Plan Salarial Banco,BANC,l10n_mx_payslip.hr_salary_tab_level_scale_3,l10n_mx_payslip.hr_salary_tab_level_level_N23,141,base.MXN
l10n_mx_payslip.hr_salary_tab_BANCN234,Plan Salarial Banco,BANC,l10n_mx_payslip.hr_salary_tab_level_scale_4,l10n_mx_payslip.hr_salary_tab_level_level_N23,142,base.MXN
l10n_mx_payslip.hr_salary_tab_BANCN235,Plan Salarial Banco,BANC,l10n_mx_payslip.hr_salary_tab_level_scale_5,l10n_mx_payslip.hr_salary_tab_level_level_N23,143,base.MXN
l10n_mx_payslip.hr_salary_tab_BANCN236,Plan Salarial Banco,BANC,l10n_mx_payslip.hr_salary_tab_level_scale_6,l10n_mx_payslip.hr_salary_tab_level_level_N23,144,base.MXN
l10n_mx_payslip.hr_salary_tab_ESPN001,Plan Salarial Ejecutivos,ESP,l10n_mx_payslip.hr_salary_tab_level_scale_1,l10n_mx_payslip.hr_salary_tab_level_level_N00,145,base.MXN
l10n_mx_payslip.hr_salary_tab_ESPN141,Plan Salarial Ejecutivos,ESP,l10n_mx_payslip.hr_salary_tab_level_scale_1,l10n_mx_payslip.hr_salary_tab_level_level_N14,146,base.MXN
l10n_mx_payslip.hr_salary_tab_ESPN161,Plan Salarial Ejecutivos,ESP,l10n_mx_payslip.hr_salary_tab_level_scale_1,l10n_mx_payslip.hr_salary_tab_level_level_N16,147,base.MXN
l10n_mx_payslip.hr_salary_tab_ESPN211,Plan Salarial Ejecutivos,ESP,l10n_mx_payslip.hr_salary_tab_level_scale_1,l10n_mx_payslip.hr_salary_tab_level_level_N21,148,base.MXN
l10n_mx_payslip.hr_salary_tab_ESPN212,Plan Salarial Ejecutivos,ESP,l10n_mx_payslip.hr_salary_tab_level_scale_2,l10n_mx_payslip.hr_salary_tab_level_level_N21,149,base.MXN
l10n_mx_payslip.hr_salary_tab_ESPN213,Plan Salarial Ejecutivos,ESP,l10n_mx_payslip.hr_salary_tab_level_scale_3,l10n_mx_payslip.hr_salary_tab_level_level_N21,150,base.MXN
l10n_mx_payslip.hr_salary_tab_ESPN214,Plan Salarial Ejecutivos,ESP,l10n_mx_payslip.hr_salary_tab_level_scale_4,l10n_mx_payslip.hr_salary_tab_level_level_N21,151,base.MXN
l10n_mx_payslip.hr_salary_tab_ESPN231,Plan Salarial Ejecutivos,ESP,l10n_mx_payslip.hr_salary_tab_level_scale_1,l10n_mx_payslip.hr_salary_tab_level_level_N23,152,base.MXN
l10n_mx_payslip.hr_salary_tab_ESPN232,Plan Salarial Ejecutivos,ESP,l10n_mx_payslip.hr_salary_tab_level_scale_2,l10n_mx_payslip.hr_salary_tab_level_level_N23,153,base.MXN
l10n_mx_payslip.hr_salary_tab_ESPN233,Plan Salarial Ejecutivos,ESP,l10n_mx_payslip.hr_salary_tab_level_scale_3,l10n_mx_payslip.hr_salary_tab_level_level_N23,154,base.MXN
l10n_mx_payslip.hr_salary_tab_ESPN234,Plan Salarial Ejecutivos,ESP,l10n_mx_payslip.hr_salary_tab_level_scale_4,l10n_mx_payslip.hr_salary_tab_level_level_N23,155,base.MXN
l10n_mx_payslip.hr_salary_tab_ESPN235,Plan Salarial Ejecutivos,ESP,l10n_mx_payslip.hr_salary_tab_level_scale_5,l10n_mx_payslip.hr_salary_tab_level_level_N23,156,base.MXN
l10n_mx_payslip.hr_salary_tab_FRDN001,Plan Salarial FRD,FRD,l10n_mx_payslip.hr_salary_tab_level_scale_1,l10n_mx_payslip.hr_salary_tab_level_level_N00,157,base.MXN
l10n_mx_payslip.hr_salary_tab_FRDN002,Plan Salarial FRD,FRD,l10n_mx_payslip.hr_salary_tab_level_scale_2,l10n_mx_payslip.hr_salary_tab_level_level_N00,158,base.MXN
l10n_mx_payslip.hr_salary_tab_FRDN003,Plan Salarial FRD,FRD,l10n_mx_payslip.hr_salary_tab_level_scale_3,l10n_mx_payslip.hr_salary_tab_level_level_N00,159,base.MXN
l10n_mx_payslip.hr_salary_tab_FRDN004,Plan Salarial FRD,FRD,l10n_mx_payslip.hr_salary_tab_level_scale_4,l10n_mx_payslip.hr_salary_tab_level_level_N00,160,base.MXN
l10n_mx_payslip.hr_salary_tab_FRDN005,Plan Salarial FRD,FRD,l10n_mx_payslip.hr_salary_tab_level_scale_5,l10n_mx_payslip.hr_salary_tab_level_level_N00,161,base.MXN
l10n_mx_payslip.hr_salary_tab_FRDN006,Plan Salarial FRD,FRD,l10n_mx_payslip.hr_salary_tab_level_scale_6,l10n_mx_payslip.hr_salary_tab_level_level_N00,162,base.MXN
l10n_mx_payslip.hr_salary_tab_FRDN011,Plan Salarial FRD,FRD,l10n_mx_payslip.hr_salary_tab_level_scale_1,l10n_mx_payslip.hr_salary_tab_level_level_N01,163,base.MXN
l10n_mx_payslip.hr_salary_tab_FRDN012,Plan Salarial FRD,FRD,l10n_mx_payslip.hr_salary_tab_level_scale_2,l10n_mx_payslip.hr_salary_tab_level_level_N01,164,base.MXN
l10n_mx_payslip.hr_salary_tab_FRDN013,Plan Salarial FRD,FRD,l10n_mx_payslip.hr_salary_tab_level_scale_3,l10n_mx_payslip.hr_salary_tab_level_level_N01,165,base.MXN
l10n_mx_payslip.hr_salary_tab_FRDN014,Plan Salarial FRD,FRD,l10n_mx_payslip.hr_salary_tab_level_scale_4,l10n_mx_payslip.hr_salary_tab_level_level_N01,166,base.MXN
l10n_mx_payslip.hr_salary_tab_FRDN015,Plan Salarial FRD,FRD,l10n_mx_payslip.hr_salary_tab_level_scale_5,l10n_mx_payslip.hr_salary_tab_level_level_N01,167,base.MXN
l10n_mx_payslip.hr_salary_tab_FRDN016,Plan Salarial FRD,FRD,l10n_mx_payslip.hr_salary_tab_level_scale_6,l10n_mx_payslip.hr_salary_tab_level_level_N01,168,base.MXN
l10n_mx_payslip.hr_salary_tab_FRDN021,Plan Salarial FRD,FRD,l10n_mx_payslip.hr_salary_tab_level_scale_1,l10n_mx_payslip.hr_salary_tab_level_level_N02,169,base.MXN
l10n_mx_payslip.hr_salary_tab_FRDN022,Plan Salarial FRD,FRD,l10n_mx_payslip.hr_salary_tab_level_scale_2,l10n_mx_payslip.hr_salary_tab_level_level_N02,170,base.MXN
l10n_mx_payslip.hr_salary_tab_FRDN023,Plan Salarial FRD,FRD,l10n_mx_payslip.hr_salary_tab_level_scale_3,l10n_mx_payslip.hr_salary_tab_level_level_N02,171,base.MXN
l10n_mx_payslip.hr_salary_tab_FRDN024,Plan Salarial FRD,FRD,l10n_mx_payslip.hr_salary_tab_level_scale_4,l10n_mx_payslip.hr_salary_tab_level_level_N02,172,base.MXN
l10n_mx_payslip.hr_salary_tab_FRDN025,Plan Salarial FRD,FRD,l10n_mx_payslip.hr_salary_tab_level_scale_5,l10n_mx_payslip.hr_salary_tab_level_level_N02,173,base.MXN
l10n_mx_payslip.hr_salary_tab_FRDN026,Plan Salarial FRD,FRD,l10n_mx_payslip.hr_salary_tab_level_scale_6,l10n_mx_payslip.hr_salary_tab_level_level_N02,174,base.MXN
l10n_mx_payslip.hr_salary_tab_FRDN031,Plan Salarial FRD,FRD,l10n_mx_payslip.hr_salary_tab_level_scale_1,l10n_mx_payslip.hr_salary_tab_level_level_N03,123.22,base.MXN
l10n_mx_payslip.hr_salary_tab_FRDN033,Plan Salarial FRD,FRD,l10n_mx_payslip.hr_salary_tab_level_scale_3,l10n_mx_payslip.hr_salary_tab_level_level_N03,138.97,base.MXN
l10n_mx_payslip.hr_salary_tab_FRDN034,Plan Salarial FRD,FRD,l10n_mx_payslip.hr_salary_tab_level_scale_4,l10n_mx_payslip.hr_salary_tab_level_level_N03,178,base.MXN
l10n_mx_payslip.hr_salary_tab_FRDN035,Plan Salarial FRD,FRD,l10n_mx_payslip.hr_salary_tab_level_scale_5,l10n_mx_payslip.hr_salary_tab_level_level_N03,179,base.MXN
l10n_mx_payslip.hr_salary_tab_FRDN036,Plan Salarial FRD,FRD,l10n_mx_payslip.hr_salary_tab_level_scale_6,l10n_mx_payslip.hr_salary_tab_level_level_N03,180,base.MXN
l10n_mx_payslip.hr_salary_tab_FRDN041,Plan Salarial FRD,FRD,l10n_mx_payslip.hr_salary_tab_level_scale_1,l10n_mx_payslip.hr_salary_tab_level_level_N04,181,base.MXN
l10n_mx_payslip.hr_salary_tab_FRDN042,Plan Salarial FRD,FRD,l10n_mx_payslip.hr_salary_tab_level_scale_2,l10n_mx_payslip.hr_salary_tab_level_level_N04,182,base.MXN
l10n_mx_payslip.hr_salary_tab_FRDN043,Plan Salarial FRD,FRD,l10n_mx_payslip.hr_salary_tab_level_scale_3,l10n_mx_payslip.hr_salary_tab_level_level_N04,183,base.MXN
l10n_mx_payslip.hr_salary_tab_FRDN044,Plan Salarial FRD,FRD,l10n_mx_payslip.hr_salary_tab_level_scale_4,l10n_mx_payslip.hr_salary_tab_level_level_N04,184,base.MXN
l10n_mx_payslip.hr_salary_tab_FRDN045,Plan Salarial FRD,FRD,l10n_mx_payslip.hr_salary_tab_level_scale_5,l10n_mx_payslip.hr_salary_tab_level_level_N04,185,base.MXN
l10n_mx_payslip.hr_salary_tab_FRDN046,Plan Salarial FRD,FRD,l10n_mx_payslip.hr_salary_tab_level_scale_6,l10n_mx_payslip.hr_salary_tab_level_level_N04,186,base.MXN
l10n_mx_payslip.hr_salary_tab_FRDN051,Plan Salarial FRD,FRD,l10n_mx_payslip.hr_salary_tab_level_scale_1,l10n_mx_payslip.hr_salary_tab_level_level_N05,187,base.MXN
l10n_mx_payslip.hr_salary_tab_FRDN052,Plan Salarial FRD,FRD,l10n_mx_payslip.hr_salary_tab_level_scale_2,l10n_mx_payslip.hr_salary_tab_level_level_N05,188,base.MXN
l10n_mx_payslip.hr_salary_tab_FRDN053,Plan Salarial FRD,FRD,l10n_mx_payslip.hr_salary_tab_level_scale_3,l10n_mx_payslip.hr_salary_tab_level_level_N05,189,base.MXN
l10n_mx_payslip.hr_salary_tab_FRDN054,Plan Salarial FRD,FRD,l10n_mx_payslip.hr_salary_tab_level_scale_4,l10n_mx_payslip.hr_salary_tab_level_level_N05,190,base.MXN
l10n_mx_payslip.hr_salary_tab_FRDN055,Plan Salarial FRD,FRD,l10n_mx_payslip.hr_salary_tab_level_scale_5,l10n_mx_payslip.hr_salary_tab_level_level_N05,191,base.MXN
l10n_mx_payslip.hr_salary_tab_FRDN056,Plan Salarial FRD,FRD,l10n_mx_payslip.hr_salary_tab_level_scale_6,l10n_mx_payslip.hr_salary_tab_level_level_N05,192,base.MXN
l10n_mx_payslip.hr_salary_tab_FRDN061,Plan Salarial FRD,FRD,l10n_mx_payslip.hr_salary_tab_level_scale_1,l10n_mx_payslip.hr_salary_tab_level_level_N06,193,base.MXN
l10n_mx_payslip.hr_salary_tab_FRDN062,Plan Salarial FRD,FRD,l10n_mx_payslip.hr_salary_tab_level_scale_2,l10n_mx_payslip.hr_salary_tab_level_level_N06,194,base.MXN
l10n_mx_payslip.hr_salary_tab_FRDN063,Plan Salarial FRD,FRD,l10n_mx_payslip.hr_salary_tab_level_scale_3,l10n_mx_payslip.hr_salary_tab_level_level_N06,195,base.MXN
l10n_mx_payslip.hr_salary_tab_FRDN064,Plan Salarial FRD,FRD,l10n_mx_payslip.hr_salary_tab_level_scale_4,l10n_mx_payslip.hr_salary_tab_level_level_N06,196,base.MXN
l10n_mx_payslip.hr_salary_tab_FRDN065,Plan Salarial FRD,FRD,l10n_mx_payslip.hr_salary_tab_level_scale_5,l10n_mx_payslip.hr_salary_tab_level_level_N06,197,base.MXN
l10n_mx_payslip.hr_salary_tab_FRDN066,Plan Salarial FRD,FRD,l10n_mx_payslip.hr_salary_tab_level_scale_6,l10n_mx_payslip.hr_salary_tab_level_level_N06,198,base.MXN
l10n_mx_payslip.hr_salary_tab_FRDN071,Plan Salarial FRD,FRD,l10n_mx_payslip.hr_salary_tab_level_scale_1,l10n_mx_payslip.hr_salary_tab_level_level_N07,199,base.MXN
l10n_mx_payslip.hr_salary_tab_FRDN072,Plan Salarial FRD,FRD,l10n_mx_payslip.hr_salary_tab_level_scale_2,l10n_mx_payslip.hr_salary_tab_level_level_N07,200,base.MXN
l10n_mx_payslip.hr_salary_tab_FRDN073,Plan Salarial FRD,FRD,l10n_mx_payslip.hr_salary_tab_level_scale_3,l10n_mx_payslip.hr_salary_tab_level_level_N07,201,base.MXN
l10n_mx_payslip.hr_salary_tab_FRDN074,Plan Salarial FRD,FRD,l10n_mx_payslip.hr_salary_tab_level_scale_4,l10n_mx_payslip.hr_salary_tab_level_level_N07,202,base.MXN
l10n_mx_payslip.hr_salary_tab_FRDN075,Plan Salarial FRD,FRD,l10n_mx_payslip.hr_salary_tab_level_scale_5,l10n_mx_payslip.hr_salary_tab_level_level_N07,203,base.MXN
l10n_mx_payslip.hr_salary_tab_FRDN076,Plan Salarial FRD,FRD,l10n_mx_payslip.hr_salary_tab_level_scale_6,l10n_mx_payslip.hr_salary_tab_level_level_N07,204,base.MXN
l10n_mx_payslip.hr_salary_tab_FRDN081,Plan Salarial FRD,FRD,l10n_mx_payslip.hr_salary_tab_level_scale_1,l10n_mx_payslip.hr_salary_tab_level_level_N08,205,base.MXN
l10n_mx_payslip.hr_salary_tab_FRDN082,Plan Salarial FRD,FRD,l10n_mx_payslip.hr_salary_tab_level_scale_2,l10n_mx_payslip.hr_salary_tab_level_level_N08,206,base.MXN
l10n_mx_payslip.hr_salary_tab_FRDN083,Plan Salarial FRD,FRD,l10n_mx_payslip.hr_salary_tab_level_scale_3,l10n_mx_payslip.hr_salary_tab_level_level_N08,207,base.MXN
l10n_mx_payslip.hr_salary_tab_FRDN084,Plan Salarial FRD,FRD,l10n_mx_payslip.hr_salary_tab_level_scale_4,l10n_mx_payslip.hr_salary_tab_level_level_N08,208,base.MXN
l10n_mx_payslip.hr_salary_tab_FRDN085,Plan Salarial FRD,FRD,l10n_mx_payslip.hr_salary_tab_level_scale_5,l10n_mx_payslip.hr_salary_tab_level_level_N08,209,base.MXN
l10n_mx_payslip.hr_salary_tab_FRDN086,Plan Salarial FRD,FRD,l10n_mx_payslip.hr_salary_tab_level_scale_6,l10n_mx_payslip.hr_salary_tab_level_level_N08,210,base.MXN
l10n_mx_payslip.hr_salary_tab_FRDN091,Plan Salarial FRD,FRD,l10n_mx_payslip.hr_salary_tab_level_scale_1,l10n_mx_payslip.hr_salary_tab_level_level_N09,211,base.MXN
l10n_mx_payslip.hr_salary_tab_FRDN092,Plan Salarial FRD,FRD,l10n_mx_payslip.hr_salary_tab_level_scale_2,l10n_mx_payslip.hr_salary_tab_level_level_N09,212,base.MXN
l10n_mx_payslip.hr_salary_tab_FRDN093,Plan Salarial FRD,FRD,l10n_mx_payslip.hr_salary_tab_level_scale_3,l10n_mx_payslip.hr_salary_tab_level_level_N09,213,base.MXN
l10n_mx_payslip.hr_salary_tab_FRDN094,Plan Salarial FRD,FRD,l10n_mx_payslip.hr_salary_tab_level_scale_4,l10n_mx_payslip.hr_salary_tab_level_level_N09,214,base.MXN
l10n_mx_payslip.hr_salary_tab_FRDN095,Plan Salarial FRD,FRD,l10n_mx_payslip.hr_salary_tab_level_scale_5,l10n_mx_payslip.hr_salary_tab_level_level_N09,215,base.MXN
l10n_mx_payslip.hr_salary_tab_FRDN096,Plan Salarial FRD,FRD,l10n_mx_payslip.hr_salary_tab_level_scale_6,l10n_mx_payslip.hr_salary_tab_level_level_N09,216,base.MXN
l10n_mx_payslip.hr_salary_tab_FRDN101,Plan Salarial FRD,FRD,l10n_mx_payslip.hr_salary_tab_level_scale_1,l10n_mx_payslip.hr_salary_tab_level_level_N10,217,base.MXN
l10n_mx_payslip.hr_salary_tab_FRDN102,Plan Salarial FRD,FRD,l10n_mx_payslip.hr_salary_tab_level_scale_2,l10n_mx_payslip.hr_salary_tab_level_level_N10,218,base.MXN
l10n_mx_payslip.hr_salary_tab_FRDN103,Plan Salarial FRD,FRD,l10n_mx_payslip.hr_salary_tab_level_scale_3,l10n_mx_payslip.hr_salary_tab_level_level_N10,219,base.MXN
l10n_mx_payslip.hr_salary_tab_FRDN104,Plan Salarial FRD,FRD,l10n_mx_payslip.hr_salary_tab_level_scale_4,l10n_mx_payslip.hr_salary_tab_level_level_N10,220,base.MXN
l10n_mx_payslip.hr_salary_tab_FRDN105,Plan Salarial FRD,FRD,l10n_mx_payslip.hr_salary_tab_level_scale_5,l10n_mx_payslip.hr_salary_tab_level_level_N10,221,base.MXN
l10n_mx_payslip.hr_salary_tab_FRDN106,Plan Salarial FRD,FRD,l10n_mx_payslip.hr_salary_tab_level_scale_6,l10n_mx_payslip.hr_salary_tab_level_level_N10,222,base.MXN
l10n_mx_payslip.hr_salary_tab_FRDN111,Plan Salarial FRD,FRD,l10n_mx_payslip.hr_salary_tab_level_scale_1,l10n_mx_payslip.hr_salary_tab_level_level_N11,223,base.MXN
l10n_mx_payslip.hr_salary_tab_FRDN112,Plan Salarial FRD,FRD,l10n_mx_payslip.hr_salary_tab_level_scale_2,l10n_mx_payslip.hr_salary_tab_level_level_N11,224,base.MXN
l10n_mx_payslip.hr_salary_tab_FRDN113,Plan Salarial FRD,FRD,l10n_mx_payslip.hr_salary_tab_level_scale_3,l10n_mx_payslip.hr_salary_tab_level_level_N11,225,base.MXN
l10n_mx_payslip.hr_salary_tab_FRDN114,Plan Salarial FRD,FRD,l10n_mx_payslip.hr_salary_tab_level_scale_4,l10n_mx_payslip.hr_salary_tab_level_level_N11,226,base.MXN
l10n_mx_payslip.hr_salary_tab_FRDN115,Plan Salarial FRD,FRD,l10n_mx_payslip.hr_salary_tab_level_scale_5,l10n_mx_payslip.hr_salary_tab_level_level_N11,227,base.MXN
l10n_mx_payslip.hr_salary_tab_FRDN116,Plan Salarial FRD,FRD,l10n_mx_payslip.hr_salary_tab_level_scale_6,l10n_mx_payslip.hr_salary_tab_level_level_N11,228,base.MXN
l10n_mx_payslip.hr_salary_tab_FRDN121,Plan Salarial FRD,FRD,l10n_mx_payslip.hr_salary_tab_level_scale_1,l10n_mx_payslip.hr_salary_tab_level_level_N12,229,base.MXN
l10n_mx_payslip.hr_salary_tab_FRDN122,Plan Salarial FRD,FRD,l10n_mx_payslip.hr_salary_tab_level_scale_2,l10n_mx_payslip.hr_salary_tab_level_level_N12,230,base.MXN
l10n_mx_payslip.hr_salary_tab_FRDN123,Plan Salarial FRD,FRD,l10n_mx_payslip.hr_salary_tab_level_scale_3,l10n_mx_payslip.hr_salary_tab_level_level_N12,231,base.MXN
l10n_mx_payslip.hr_salary_tab_FRDN124,Plan Salarial FRD,FRD,l10n_mx_payslip.hr_salary_tab_level_scale_4,l10n_mx_payslip.hr_salary_tab_level_level_N12,232,base.MXN
l10n_mx_payslip.hr_salary_tab_FRDN125,Plan Salarial FRD,FRD,l10n_mx_payslip.hr_salary_tab_level_scale_5,l10n_mx_payslip.hr_salary_tab_level_level_N12,233,base.MXN
l10n_mx_payslip.hr_salary_tab_FRDN126,Plan Salarial FRD,FRD,l10n_mx_payslip.hr_salary_tab_level_scale_6,l10n_mx_payslip.hr_salary_tab_level_level_N12,234,base.MXN
l10n_mx_payslip.hr_salary_tab_FRDN131,Plan Salarial FRD,FRD,l10n_mx_payslip.hr_salary_tab_level_scale_1,l10n_mx_payslip.hr_salary_tab_level_level_N13,235,base.MXN
l10n_mx_payslip.hr_salary_tab_FRDN132,Plan Salarial FRD,FRD,l10n_mx_payslip.hr_salary_tab_level_scale_2,l10n_mx_payslip.hr_salary_tab_level_level_N13,236,base.MXN
l10n_mx_payslip.hr_salary_tab_FRDN133,Plan Salarial FRD,FRD,l10n_mx_payslip.hr_salary_tab_level_scale_3,l10n_mx_payslip.hr_salary_tab_level_level_N13,237,base.MXN
l10n_mx_payslip.hr_salary_tab_FRDN134,Plan Salarial FRD,FRD,l10n_mx_payslip.hr_salary_tab_level_scale_4,l10n_mx_payslip.hr_salary_tab_level_level_N13,238,base.MXN
l10n_mx_payslip.hr_salary_tab_FRDN135,Plan Salarial FRD,FRD,l10n_mx_payslip.hr_salary_tab_level_scale_5,l10n_mx_payslip.hr_salary_tab_level_level_N13,239,base.MXN
l10n_mx_payslip.hr_salary_tab_FRDN136,Plan Salarial FRD,FRD,l10n_mx_payslip.hr_salary_tab_level_scale_6,l10n_mx_payslip.hr_salary_tab_level_level_N13,240,base.MXN
l10n_mx_payslip.hr_salary_tab_FRDN141,Plan Salarial FRD,FRD,l10n_mx_payslip.hr_salary_tab_level_scale_1,l10n_mx_payslip.hr_salary_tab_level_level_N14,241,base.MXN
l10n_mx_payslip.hr_salary_tab_FRDN142,Plan Salarial FRD,FRD,l10n_mx_payslip.hr_salary_tab_level_scale_2,l10n_mx_payslip.hr_salary_tab_level_level_N14,242,base.MXN
l10n_mx_payslip.hr_salary_tab_FRDN143,Plan Salarial FRD,FRD,l10n_mx_payslip.hr_salary_tab_level_scale_3,l10n_mx_payslip.hr_salary_tab_level_level_N14,243,base.MXN
l10n_mx_payslip.hr_salary_tab_FRDN144,Plan Salarial FRD,FRD,l10n_mx_payslip.hr_salary_tab_level_scale_4,l10n_mx_payslip.hr_salary_tab_level_level_N14,244,base.MXN
l10n_mx_payslip.hr_salary_tab_FRDN145,Plan Salarial FRD,FRD,l10n_mx_payslip.hr_salary_tab_level_scale_5,l10n_mx_payslip.hr_salary_tab_level_level_N14,245,base.MXN
l10n_mx_payslip.hr_salary_tab_FRDN146,Plan Salarial FRD,FRD,l10n_mx_payslip.hr_salary_tab_level_scale_6,l10n_mx_payslip.hr_salary_tab_level_level_N14,246,base.MXN
l10n_mx_payslip.hr_salary_tab_FRDN151,Plan Salarial FRD,FRD,l10n_mx_payslip.hr_salary_tab_level_scale_1,l10n_mx_payslip.hr_salary_tab_level_level_N15,247,base.MXN
l10n_mx_payslip.hr_salary_tab_FRDN152,Plan Salarial FRD,FRD,l10n_mx_payslip.hr_salary_tab_level_scale_2,l10n_mx_payslip.hr_salary_tab_level_level_N15,248,base.MXN
l10n_mx_payslip.hr_salary_tab_FRDN153,Plan Salarial FRD,FRD,l10n_mx_payslip.hr_salary_tab_level_scale_3,l10n_mx_payslip.hr_salary_tab_level_level_N15,249,base.MXN
l10n_mx_payslip.hr_salary_tab_FRDN154,Plan Salarial FRD,FRD,l10n_mx_payslip.hr_salary_tab_level_scale_4,l10n_mx_payslip.hr_salary_tab_level_level_N15,250,base.MXN
l10n_mx_payslip.hr_salary_tab_FRDN155,Plan Salarial FRD,FRD,l10n_mx_payslip.hr_salary_tab_level_scale_5,l10n_mx_payslip.hr_salary_tab_level_level_N15,251,base.MXN
l10n_mx_payslip.hr_salary_tab_FRDN156,Plan Salarial FRD,FRD,l10n_mx_payslip.hr_salary_tab_level_scale_6,l10n_mx_payslip.hr_salary_tab_level_level_N15,252,base.MXN
l10n_mx_payslip.hr_salary_tab_FRDN161,Plan Salarial FRD,FRD,l10n_mx_payslip.hr_salary_tab_level_scale_1,l10n_mx_payslip.hr_salary_tab_level_level_N16,253,base.MXN
l10n_mx_payslip.hr_salary_tab_FRDN162,Plan Salarial FRD,FRD,l10n_mx_payslip.hr_salary_tab_level_scale_2,l10n_mx_payslip.hr_salary_tab_level_level_N16,254,base.MXN
l10n_mx_payslip.hr_salary_tab_FRDN163,Plan Salarial FRD,FRD,l10n_mx_payslip.hr_salary_tab_level_scale_3,l10n_mx_payslip.hr_salary_tab_level_level_N16,255,base.MXN
l10n_mx_payslip.hr_salary_tab_FRDN164,Plan Salarial FRD,FRD,l10n_mx_payslip.hr_salary_tab_level_scale_4,l10n_mx_payslip.hr_salary_tab_level_level_N16,256,base.MXN
l10n_mx_payslip.hr_salary_tab_FRDN165,Plan Salarial FRD,FRD,l10n_mx_payslip.hr_salary_tab_level_scale_5,l10n_mx_payslip.hr_salary_tab_level_level_N16,257,base.MXN
l10n_mx_payslip.hr_salary_tab_FRDN166,Plan Salarial FRD,FRD,l10n_mx_payslip.hr_salary_tab_level_scale_6,l10n_mx_payslip.hr_salary_tab_level_level_N16,258,base.MXN
l10n_mx_payslip.hr_salary_tab_FRDN171,Plan Salarial FRD,FRD,l10n_mx_payslip.hr_salary_tab_level_scale_1,l10n_mx_payslip.hr_salary_tab_level_level_N17,259,base.MXN
l10n_mx_payslip.hr_salary_tab_FRDN172,Plan Salarial FRD,FRD,l10n_mx_payslip.hr_salary_tab_level_scale_2,l10n_mx_payslip.hr_salary_tab_level_level_N17,260,base.MXN
l10n_mx_payslip.hr_salary_tab_FRDN173,Plan Salarial FRD,FRD,l10n_mx_payslip.hr_salary_tab_level_scale_3,l10n_mx_payslip.hr_salary_tab_level_level_N17,261,base.MXN
l10n_mx_payslip.hr_salary_tab_FRDN174,Plan Salarial FRD,FRD,l10n_mx_payslip.hr_salary_tab_level_scale_4,l10n_mx_payslip.hr_salary_tab_level_level_N17,262,base.MXN
l10n_mx_payslip.hr_salary_tab_FRDN175,Plan Salarial FRD,FRD,l10n_mx_payslip.hr_salary_tab_level_scale_5,l10n_mx_payslip.hr_salary_tab_level_level_N17,263,base.MXN
l10n_mx_payslip.hr_salary_tab_FRDN176,Plan Salarial FRD,FRD,l10n_mx_payslip.hr_salary_tab_level_scale_6,l10n_mx_payslip.hr_salary_tab_level_level_N17,264,base.MXN
l10n_mx_payslip.hr_salary_tab_FRDN181,Plan Salarial FRD,FRD,l10n_mx_payslip.hr_salary_tab_level_scale_1,l10n_mx_payslip.hr_salary_tab_level_level_N18,265,base.MXN
l10n_mx_payslip.hr_salary_tab_FRDN182,Plan Salarial FRD,FRD,l10n_mx_payslip.hr_salary_tab_level_scale_2,l10n_mx_payslip.hr_salary_tab_level_level_N18,266,base.MXN
l10n_mx_payslip.hr_salary_tab_FRDN183,Plan Salarial FRD,FRD,l10n_mx_payslip.hr_salary_tab_level_scale_3,l10n_mx_payslip.hr_salary_tab_level_level_N18,267,base.MXN
l10n_mx_payslip.hr_salary_tab_FRDN184,Plan Salarial FRD,FRD,l10n_mx_payslip.hr_salary_tab_level_scale_4,l10n_mx_payslip.hr_salary_tab_level_level_N18,268,base.MXN
l10n_mx_payslip.hr_salary_tab_FRDN185,Plan Salarial FRD,FRD,l10n_mx_payslip.hr_salary_tab_level_scale_5,l10n_mx_payslip.hr_salary_tab_level_level_N18,269,base.MXN
l10n_mx_payslip.hr_salary_tab_FRDN186,Plan Salarial FRD,FRD,l10n_mx_payslip.hr_salary_tab_level_scale_6,l10n_mx_payslip.hr_salary_tab_level_level_N18,270,base.MXN
l10n_mx_payslip.hr_salary_tab_FRDN191,Plan Salarial FRD,FRD,l10n_mx_payslip.hr_salary_tab_level_scale_1,l10n_mx_payslip.hr_salary_tab_level_level_N19,271,base.MXN
l10n_mx_payslip.hr_salary_tab_FRDN192,Plan Salarial FRD,FRD,l10n_mx_payslip.hr_salary_tab_level_scale_2,l10n_mx_payslip.hr_salary_tab_level_level_N19,272,base.MXN
l10n_mx_payslip.hr_salary_tab_FRDN193,Plan Salarial FRD,FRD,l10n_mx_payslip.hr_salary_tab_level_scale_3,l10n_mx_payslip.hr_salary_tab_level_level_N19,273,base.MXN
l10n_mx_payslip.hr_salary_tab_FRDN194,Plan Salarial FRD,FRD,l10n_mx_payslip.hr_salary_tab_level_scale_4,l10n_mx_payslip.hr_salary_tab_level_level_N19,274,base.MXN
l10n_mx_payslip.hr_salary_tab_FRDN195,Plan Salarial FRD,FRD,l10n_mx_payslip.hr_salary_tab_level_scale_5,l10n_mx_payslip.hr_salary_tab_level_level_N19,275,base.MXN
l10n_mx_payslip.hr_salary_tab_FRDN196,Plan Salarial FRD,FRD,l10n_mx_payslip.hr_salary_tab_level_scale_6,l10n_mx_payslip.hr_salary_tab_level_level_N19,276,base.MXN
l10n_mx_payslip.hr_salary_tab_FRDN201,Plan Salarial FRD,FRD,l10n_mx_payslip.hr_salary_tab_level_scale_1,l10n_mx_payslip.hr_salary_tab_level_level_N20,277,base.MXN
l10n_mx_payslip.hr_salary_tab_FRDN202,Plan Salarial FRD,FRD,l10n_mx_payslip.hr_salary_tab_level_scale_2,l10n_mx_payslip.hr_salary_tab_level_level_N20,278,base.MXN
l10n_mx_payslip.hr_salary_tab_FRDN203,Plan Salarial FRD,FRD,l10n_mx_payslip.hr_salary_tab_level_scale_3,l10n_mx_payslip.hr_salary_tab_level_level_N20,279,base.MXN
l10n_mx_payslip.hr_salary_tab_FRDN204,Plan Salarial FRD,FRD,l10n_mx_payslip.hr_salary_tab_level_scale_4,l10n_mx_payslip.hr_salary_tab_level_level_N20,280,base.MXN
l10n_mx_payslip.hr_salary_tab_FRDN205,Plan Salarial FRD,FRD,l10n_mx_payslip.hr_salary_tab_level_scale_5,l10n_mx_payslip.hr_salary_tab_level_level_N20,281,base.MXN
l10n_mx_payslip.hr_salary_tab_FRDN206,Plan Salarial FRD,FRD,l10n_mx_payslip.hr_salary_tab_level_scale_6,l10n_mx_payslip.hr_salary_tab_level_level_N20,282,base.MXN
l10n_mx_payslip.hr_salary_tab_FRDN211,Plan Salarial FRD,FRD,l10n_mx_payslip.hr_salary_tab_level_scale_1,l10n_mx_payslip.hr_salary_tab_level_level_N21,283,base.MXN
l10n_mx_payslip.hr_salary_tab_FRDN212,Plan Salarial FRD,FRD,l10n_mx_payslip.hr_salary_tab_level_scale_2,l10n_mx_payslip.hr_salary_tab_level_level_N21,284,base.MXN
l10n_mx_payslip.hr_salary_tab_FRDN213,Plan Salarial FRD,FRD,l10n_mx_payslip.hr_salary_tab_level_scale_3,l10n_mx_payslip.hr_salary_tab_level_level_N21,285,base.MXN
l10n_mx_payslip.hr_salary_tab_FRDN214,Plan Salarial FRD,FRD,l10n_mx_payslip.hr_salary_tab_level_scale_4,l10n_mx_payslip.hr_salary_tab_level_level_N21,286,base.MXN
l10n_mx_payslip.hr_salary_tab_FRDN215,Plan Salarial FRD,FRD,l10n_mx_payslip.hr_salary_tab_level_scale_5,l10n_mx_payslip.hr_salary_tab_level_level_N21,287,base.MXN
l10n_mx_payslip.hr_salary_tab_FRDN216,Plan Salarial FRD,FRD,l10n_mx_payslip.hr_salary_tab_level_scale_6,l10n_mx_payslip.hr_salary_tab_level_level_N21,288,base.MXN
l10n_mx_payslip.hr_salary_tab_FRDN221,Plan Salarial FRD,FRD,l10n_mx_payslip.hr_salary_tab_level_scale_1,l10n_mx_payslip.hr_salary_tab_level_level_N22,289,base.MXN
l10n_mx_payslip.hr_salary_tab_FRDN222,Plan Salarial FRD,FRD,l10n_mx_payslip.hr_salary_tab_level_scale_2,l10n_mx_payslip.hr_salary_tab_level_level_N22,290,base.MXN
l10n_mx_payslip.hr_salary_tab_FRDN223,Plan Salarial FRD,FRD,l10n_mx_payslip.hr_salary_tab_level_scale_3,l10n_mx_payslip.hr_salary_tab_level_level_N22,291,base.MXN
l10n_mx_payslip.hr_salary_tab_FRDN224,Plan Salarial FRD,FRD,l10n_mx_payslip.hr_salary_tab_level_scale_4,l10n_mx_payslip.hr_salary_tab_level_level_N22,292,base.MXN
l10n_mx_payslip.hr_salary_tab_FRDN225,Plan Salarial FRD,FRD,l10n_mx_payslip.hr_salary_tab_level_scale_5,l10n_mx_payslip.hr_salary_tab_level_level_N22,293,base.MXN
l10n_mx_payslip.hr_salary_tab_FRDN226,Plan Salarial FRD,FRD,l10n_mx_payslip.hr_salary_tab_level_scale_6,l10n_mx_payslip.hr_salary_tab_level_level_N22,294,base.MXN
l10n_mx_payslip.hr_salary_tab_FRDN231,Plan Salarial FRD,FRD,l10n_mx_payslip.hr_salary_tab_level_scale_1,l10n_mx_payslip.hr_salary_tab_level_level_N23,295,base.MXN
l10n_mx_payslip.hr_salary_tab_FRDN232,Plan Salarial FRD,FRD,l10n_mx_payslip.hr_salary_tab_level_scale_2,l10n_mx_payslip.hr_salary_tab_level_level_N23,296,base.MXN
l10n_mx_payslip.hr_salary_tab_FRDN233,Plan Salarial FRD,FRD,l10n_mx_payslip.hr_salary_tab_level_scale_3,l10n_mx_payslip.hr_salary_tab_level_level_N23,297,base.MXN
l10n_mx_payslip.hr_salary_tab_FRDN234,Plan Salarial FRD,FRD,l10n_mx_payslip.hr_salary_tab_level_scale_4,l10n_mx_payslip.hr_salary_tab_level_level_N23,298,base.MXN
l10n_mx_payslip.hr_salary_tab_FRDN235,Plan Salarial FRD,FRD,l10n_mx_payslip.hr_salary_tab_level_scale_5,l10n_mx_payslip.hr_salary_tab_level_level_N23,299,base.MXN
l10n_mx_payslip.hr_salary_tab_FRDN236,Plan Salarial FRD,FRD,l10n_mx_payslip.hr_salary_tab_level_scale_6,l10n_mx_payslip.hr_salary_tab_level_level_N23,300,base.MXN
l10n_mx_payslip.hr_salary_tab_PBN011,Plan Salarial Para Becarios,PB,l10n_mx_payslip.hr_salary_tab_level_scale_1,l10n_mx_payslip.hr_salary_tab_level_level_N01,100,base.MXN
l10n_mx_payslip.hr_salary_tab_PBN021,Plan Salarial Para Becarios,PB,l10n_mx_payslip.hr_salary_tab_level_scale_1,l10n_mx_payslip.hr_salary_tab_level_level_N02,116.67,base.MXN
l10n_mx_payslip.hr_salary_tab_PBN031,Plan Salarial Para Becarios,PB,l10n_mx_payslip.hr_salary_tab_level_scale_1,l10n_mx_payslip.hr_salary_tab_level_level_N03,133.33,base.MXN
l10n_mx_payslip.hr_salary_tab_PBN041,Plan Salarial Para Becarios,PB,l10n_mx_payslip.hr_salary_tab_level_scale_1,l10n_mx_payslip.hr_salary_tab_level_level_N04,166.67,base.MXN
l10n_mx_payslip.hr_salary_tab_PBN051,Plan Salarial Para Becarios,PB,l10n_mx_payslip.hr_salary_tab_level_scale_1,l10n_mx_payslip.hr_salary_tab_level_level_N05,200,base.MXN
l10n_mx_payslip.hr_salary_tab_PBN061,Plan Salarial Para Becarios,PB,l10n_mx_payslip.hr_salary_tab_level_scale_1,l10n_mx_payslip.hr_salary_tab_level_level_N06,233.33,base.MXN
l10n_mx_payslip.hr_salary_tab_PBN071,Plan Salarial Para Becarios,PB,l10n_mx_payslip.hr_salary_tab_level_scale_1,l10n_mx_payslip.hr_salary_tab_level_level_N07,333.33,base.MXN
l10n_mx_payslip.hr_salary_tab_PCHBN011,Plan Chalante Becarios,PCHB,l10n_mx_payslip.hr_salary_tab_level_scale_1,l10n_mx_payslip.hr_salary_tab_level_level_N01,315,base.MXN
l10n_mx_payslip.hr_salary_tab_PCHBN021,Plan Chalante Becarios,PCHB,l10n_mx_payslip.hr_salary_tab_level_scale_1,l10n_mx_payslip.hr_salary_tab_level_level_N02,316,base.MXN
l10n_mx_payslip.hr_salary_tab_PCHBN031,Plan Chalante Becarios,PCHB,l10n_mx_payslip.hr_salary_tab_level_scale_1,l10n_mx_payslip.hr_salary_tab_level_level_N03,317,base.MXN
l10n_mx_payslip.hr_salary_tab_PCHBN041,Plan Chalante Becarios,PCHB,l10n_mx_payslip.hr_salary_tab_level_scale_1,l10n_mx_payslip.hr_salary_tab_level_level_N04,318,base.MXN
l10n_mx_payslip.hr_salary_tab_PCHBN051,Plan Chalante Becarios,PCHB,l10n_mx_payslip.hr_salary_tab_level_scale_1,l10n_mx_payslip.hr_salary_tab_level_level_N05,319,base.MXN
l10n_mx_payslip.hr_salary_tab_PCHBN061,Plan Chalante Becarios,PCHB,l10n_mx_payslip.hr_salary_tab_level_scale_1,l10n_mx_payslip.hr_salary_tab_level_level_N06,320,base.MXN
l10n_mx_payslip.hr_salary_tab_PCHBN071,Plan Chalante Becarios,PCHB,l10n_mx_payslip.hr_salary_tab_level_scale_1,l10n_mx_payslip.hr_salary_tab_level_level_N07,321,base.MXN
l10n_mx_payslip.hr_salary_tab_PCHBN081,Plan Chalante Becarios,PCHB,l10n_mx_payslip.hr_salary_tab_level_scale_1,l10n_mx_payslip.hr_salary_tab_level_level_N08,322,base.MXN
l10n_mx_payslip.hr_salary_tab_PCHBN091,Plan Chalante Becarios,PCHB,l10n_mx_payslip.hr_salary_tab_level_scale_1,l10n_mx_payslip.hr_salary_tab_level_level_N09,323,base.MXN
l10n_mx_payslip.hr_salary_tab_PCHBN101,Plan Chalante Becarios,PCHB,l10n_mx_payslip.hr_salary_tab_level_scale_1,l10n_mx_payslip.hr_salary_tab_level_level_N10,324,base.MXN
l10n_mx_payslip.hr_salary_tab_PHN001,Plan Salarial para Honorarios,PH,l10n_mx_payslip.hr_salary_tab_level_scale_1,l10n_mx_payslip.hr_salary_tab_level_level_N00,325,base.MXN
l10n_mx_payslip.hr_salary_tab_PHN002,Plan Salarial para Honorarios,PH,l10n_mx_payslip.hr_salary_tab_level_scale_2,l10n_mx_payslip.hr_salary_tab_level_level_N00,326,base.MXN
l10n_mx_payslip.hr_salary_tab_PHN003,Plan Salarial para Honorarios,PH,l10n_mx_payslip.hr_salary_tab_level_scale_3,l10n_mx_payslip.hr_salary_tab_level_level_N00,327,base.MXN
l10n_mx_payslip.hr_salary_tab_PHN004,Plan Salarial para Honorarios,PH,l10n_mx_payslip.hr_salary_tab_level_scale_4,l10n_mx_payslip.hr_salary_tab_level_level_N00,328,base.MXN
l10n_mx_payslip.hr_salary_tab_PHN005,Plan Salarial para Honorarios,PH,l10n_mx_payslip.hr_salary_tab_level_scale_5,l10n_mx_payslip.hr_salary_tab_level_level_N00,329,base.MXN
l10n_mx_payslip.hr_salary_tab_PHN011,Plan Salarial para Honorarios,PH,l10n_mx_payslip.hr_salary_tab_level_scale_1,l10n_mx_payslip.hr_salary_tab_level_level_N01,330,base.MXN
l10n_mx_payslip.hr_salary_tab_PHN012,Plan Salarial para Honorarios,PH,l10n_mx_payslip.hr_salary_tab_level_scale_2,l10n_mx_payslip.hr_salary_tab_level_level_N01,331,base.MXN
l10n_mx_payslip.hr_salary_tab_PHN013,Plan Salarial para Honorarios,PH,l10n_mx_payslip.hr_salary_tab_level_scale_3,l10n_mx_payslip.hr_salary_tab_level_level_N01,332,base.MXN
l10n_mx_payslip.hr_salary_tab_PHN014,Plan Salarial para Honorarios,PH,l10n_mx_payslip.hr_salary_tab_level_scale_4,l10n_mx_payslip.hr_salary_tab_level_level_N01,333,base.MXN
l10n_mx_payslip.hr_salary_tab_PHN015,Plan Salarial para Honorarios,PH,l10n_mx_payslip.hr_salary_tab_level_scale_5,l10n_mx_payslip.hr_salary_tab_level_level_N01,334,base.MXN
l10n_mx_payslip.hr_salary_tab_PHN021,Plan Salarial para Honorarios,PH,l10n_mx_payslip.hr_salary_tab_level_scale_1,l10n_mx_payslip.hr_salary_tab_level_level_N02,335,base.MXN
l10n_mx_payslip.hr_salary_tab_PHN022,Plan Salarial para Honorarios,PH,l10n_mx_payslip.hr_salary_tab_level_scale_2,l10n_mx_payslip.hr_salary_tab_level_level_N02,336,base.MXN
l10n_mx_payslip.hr_salary_tab_PHN023,Plan Salarial para Honorarios,PH,l10n_mx_payslip.hr_salary_tab_level_scale_3,l10n_mx_payslip.hr_salary_tab_level_level_N02,337,base.MXN
l10n_mx_payslip.hr_salary_tab_PHN024,Plan Salarial para Honorarios,PH,l10n_mx_payslip.hr_salary_tab_level_scale_4,l10n_mx_payslip.hr_salary_tab_level_level_N02,338,base.MXN
l10n_mx_payslip.hr_salary_tab_PHN025,Plan Salarial para Honorarios,PH,l10n_mx_payslip.hr_salary_tab_level_scale_5,l10n_mx_payslip.hr_salary_tab_level_level_N02,339,base.MXN
l10n_mx_payslip.hr_salary_tab_PHN031,Plan Salarial para Honorarios,PH,l10n_mx_payslip.hr_salary_tab_level_scale_1,l10n_mx_payslip.hr_salary_tab_level_level_N03,340,base.MXN
l10n_mx_payslip.hr_salary_tab_PHN032,Plan Salarial para Honorarios,PH,l10n_mx_payslip.hr_salary_tab_level_scale_2,l10n_mx_payslip.hr_salary_tab_level_level_N03,341,base.MXN
l10n_mx_payslip.hr_salary_tab_PHN033,Plan Salarial para Honorarios,PH,l10n_mx_payslip.hr_salary_tab_level_scale_3,l10n_mx_payslip.hr_salary_tab_level_level_N03,342,base.MXN
l10n_mx_payslip.hr_salary_tab_PHN034,Plan Salarial para Honorarios,PH,l10n_mx_payslip.hr_salary_tab_level_scale_4,l10n_mx_payslip.hr_salary_tab_level_level_N03,343,base.MXN
l10n_mx_payslip.hr_salary_tab_PHN035,Plan Salarial para Honorarios,PH,l10n_mx_payslip.hr_salary_tab_level_scale_5,l10n_mx_payslip.hr_salary_tab_level_level_N03,344,base.MXN
l10n_mx_payslip.hr_salary_tab_PHN041,Plan Salarial para Honorarios,PH,l10n_mx_payslip.hr_salary_tab_level_scale_1,l10n_mx_payslip.hr_salary_tab_level_level_N04,345,base.MXN
l10n_mx_payslip.hr_salary_tab_PHN042,Plan Salarial para Honorarios,PH,l10n_mx_payslip.hr_salary_tab_level_scale_2,l10n_mx_payslip.hr_salary_tab_level_level_N04,346,base.MXN
l10n_mx_payslip.hr_salary_tab_PHN043,Plan Salarial para Honorarios,PH,l10n_mx_payslip.hr_salary_tab_level_scale_3,l10n_mx_payslip.hr_salary_tab_level_level_N04,347,base.MXN
l10n_mx_payslip.hr_salary_tab_PHN044,Plan Salarial para Honorarios,PH,l10n_mx_payslip.hr_salary_tab_level_scale_4,l10n_mx_payslip.hr_salary_tab_level_level_N04,348,base.MXN
l10n_mx_payslip.hr_salary_tab_PHN045,Plan Salarial para Honorarios,PH,l10n_mx_payslip.hr_salary_tab_level_scale_5,l10n_mx_payslip.hr_salary_tab_level_level_N04,349,base.MXN
l10n_mx_payslip.hr_salary_tab_PHN051,Plan Salarial para Honorarios,PH,l10n_mx_payslip.hr_salary_tab_level_scale_1,l10n_mx_payslip.hr_salary_tab_level_level_N05,350,base.MXN
l10n_mx_payslip.hr_salary_tab_PHN052,Plan Salarial para Honorarios,PH,l10n_mx_payslip.hr_salary_tab_level_scale_2,l10n_mx_payslip.hr_salary_tab_level_level_N05,351,base.MXN
l10n_mx_payslip.hr_salary_tab_PHN053,Plan Salarial para Honorarios,PH,l10n_mx_payslip.hr_salary_tab_level_scale_3,l10n_mx_payslip.hr_salary_tab_level_level_N05,352,base.MXN
l10n_mx_payslip.hr_salary_tab_PHN054,Plan Salarial para Honorarios,PH,l10n_mx_payslip.hr_salary_tab_level_scale_4,l10n_mx_payslip.hr_salary_tab_level_level_N05,353,base.MXN
l10n_mx_payslip.hr_salary_tab_PHN055,Plan Salarial para Honorarios,PH,l10n_mx_payslip.hr_salary_tab_level_scale_5,l10n_mx_payslip.hr_salary_tab_level_level_N05,354,base.MXN
l10n_mx_payslip.hr_salary_tab_PHN061,Plan Salarial para Honorarios,PH,l10n_mx_payslip.hr_salary_tab_level_scale_1,l10n_mx_payslip.hr_salary_tab_level_level_N06,355,base.MXN
l10n_mx_payslip.hr_salary_tab_PHN062,Plan Salarial para Honorarios,PH,l10n_mx_payslip.hr_salary_tab_level_scale_2,l10n_mx_payslip.hr_salary_tab_level_level_N06,356,base.MXN
l10n_mx_payslip.hr_salary_tab_PHN063,Plan Salarial para Honorarios,PH,l10n_mx_payslip.hr_salary_tab_level_scale_3,l10n_mx_payslip.hr_salary_tab_level_level_N06,357,base.MXN
l10n_mx_payslip.hr_salary_tab_PHN064,Plan Salarial para Honorarios,PH,l10n_mx_payslip.hr_salary_tab_level_scale_4,l10n_mx_payslip.hr_salary_tab_level_level_N06,358,base.MXN
l10n_mx_payslip.hr_salary_tab_PHN065,Plan Salarial para Honorarios,PH,l10n_mx_payslip.hr_salary_tab_level_scale_5,l10n_mx_payslip.hr_salary_tab_level_level_N06,359,base.MXN
l10n_mx_payslip.hr_salary_tab_PHN071,Plan Salarial para Honorarios,PH,l10n_mx_payslip.hr_salary_tab_level_scale_1,l10n_mx_payslip.hr_salary_tab_level_level_N07,360,base.MXN
l10n_mx_payslip.hr_salary_tab_PHN072,Plan Salarial para Honorarios,PH,l10n_mx_payslip.hr_salary_tab_level_scale_2,l10n_mx_payslip.hr_salary_tab_level_level_N07,361,base.MXN
l10n_mx_payslip.hr_salary_tab_PHN073,Plan Salarial para Honorarios,PH,l10n_mx_payslip.hr_salary_tab_level_scale_3,l10n_mx_payslip.hr_salary_tab_level_level_N07,362,base.MXN
l10n_mx_payslip.hr_salary_tab_PHN074,Plan Salarial para Honorarios,PH,l10n_mx_payslip.hr_salary_tab_level_scale_4,l10n_mx_payslip.hr_salary_tab_level_level_N07,363,base.MXN
l10n_mx_payslip.hr_salary_tab_PHN075,Plan Salarial para Honorarios,PH,l10n_mx_payslip.hr_salary_tab_level_scale_5,l10n_mx_payslip.hr_salary_tab_level_level_N07,364,base.MXN
l10n_mx_payslip.hr_salary_tab_PHN081,Plan Salarial para Honorarios,PH,l10n_mx_payslip.hr_salary_tab_level_scale_1,l10n_mx_payslip.hr_salary_tab_level_level_N08,365,base.MXN
l10n_mx_payslip.hr_salary_tab_PHN082,Plan Salarial para Honorarios,PH,l10n_mx_payslip.hr_salary_tab_level_scale_2,l10n_mx_payslip.hr_salary_tab_level_level_N08,366,base.MXN
l10n_mx_payslip.hr_salary_tab_PHN083,Plan Salarial para Honorarios,PH,l10n_mx_payslip.hr_salary_tab_level_scale_3,l10n_mx_payslip.hr_salary_tab_level_level_N08,367,base.MXN
l10n_mx_payslip.hr_salary_tab_PHN084,Plan Salarial para Honorarios,PH,l10n_mx_payslip.hr_salary_tab_level_scale_4,l10n_mx_payslip.hr_salary_tab_level_level_N08,368,base.MXN
l10n_mx_payslip.hr_salary_tab_PHN085,Plan Salarial para Honorarios,PH,l10n_mx_payslip.hr_salary_tab_level_scale_5,l10n_mx_payslip.hr_salary_tab_level_level_N08,369,base.MXN
l10n_mx_payslip.hr_salary_tab_PHN091,Plan Salarial para Honorarios,PH,l10n_mx_payslip.hr_salary_tab_level_scale_1,l10n_mx_payslip.hr_salary_tab_level_level_N09,370,base.MXN
l10n_mx_payslip.hr_salary_tab_PHN092,Plan Salarial para Honorarios,PH,l10n_mx_payslip.hr_salary_tab_level_scale_2,l10n_mx_payslip.hr_salary_tab_level_level_N09,371,base.MXN
l10n_mx_payslip.hr_salary_tab_PHN093,Plan Salarial para Honorarios,PH,l10n_mx_payslip.hr_salary_tab_level_scale_3,l10n_mx_payslip.hr_salary_tab_level_level_N09,372,base.MXN
l10n_mx_payslip.hr_salary_tab_PHN094,Plan Salarial para Honorarios,PH,l10n_mx_payslip.hr_salary_tab_level_scale_4,l10n_mx_payslip.hr_salary_tab_level_level_N09,373,base.MXN
l10n_mx_payslip.hr_salary_tab_PHN095,Plan Salarial para Honorarios,PH,l10n_mx_payslip.hr_salary_tab_level_scale_5,l10n_mx_payslip.hr_salary_tab_level_level_N09,374,base.MXN
l10n_mx_payslip.hr_salary_tab_PHN101,Plan Salarial para Honorarios,PH,l10n_mx_payslip.hr_salary_tab_level_scale_1,l10n_mx_payslip.hr_salary_tab_level_level_N10,375,base.MXN
l10n_mx_payslip.hr_salary_tab_PHN102,Plan Salarial para Honorarios,PH,l10n_mx_payslip.hr_salary_tab_level_scale_2,l10n_mx_payslip.hr_salary_tab_level_level_N10,376,base.MXN
l10n_mx_payslip.hr_salary_tab_PHN103,Plan Salarial para Honorarios,PH,l10n_mx_payslip.hr_salary_tab_level_scale_3,l10n_mx_payslip.hr_salary_tab_level_level_N10,377,base.MXN
l10n_mx_payslip.hr_salary_tab_PHN104,Plan Salarial para Honorarios,PH,l10n_mx_payslip.hr_salary_tab_level_scale_4,l10n_mx_payslip.hr_salary_tab_level_level_N10,378,base.MXN
l10n_mx_payslip.hr_salary_tab_PHN105,Plan Salarial para Honorarios,PH,l10n_mx_payslip.hr_salary_tab_level_scale_5,l10n_mx_payslip.hr_salary_tab_level_level_N10,379,base.MXN
l10n_mx_payslip.hr_salary_tab_PHN111,Plan Salarial para Honorarios,PH,l10n_mx_payslip.hr_salary_tab_level_scale_1,l10n_mx_payslip.hr_salary_tab_level_level_N11,380,base.MXN
l10n_mx_payslip.hr_salary_tab_PHN112,Plan Salarial para Honorarios,PH,l10n_mx_payslip.hr_salary_tab_level_scale_2,l10n_mx_payslip.hr_salary_tab_level_level_N11,381,base.MXN
l10n_mx_payslip.hr_salary_tab_PHN113,Plan Salarial para Honorarios,PH,l10n_mx_payslip.hr_salary_tab_level_scale_3,l10n_mx_payslip.hr_salary_tab_level_level_N11,382,base.MXN
l10n_mx_payslip.hr_salary_tab_PHN114,Plan Salarial para Honorarios,PH,l10n_mx_payslip.hr_salary_tab_level_scale_4,l10n_mx_payslip.hr_salary_tab_level_level_N11,383,base.MXN
l10n_mx_payslip.hr_salary_tab_PHN115,Plan Salarial para Honorarios,PH,l10n_mx_payslip.hr_salary_tab_level_scale_5,l10n_mx_payslip.hr_salary_tab_level_level_N11,384,base.MXN
l10n_mx_payslip.hr_salary_tab_PHN121,Plan Salarial para Honorarios,PH,l10n_mx_payslip.hr_salary_tab_level_scale_1,l10n_mx_payslip.hr_salary_tab_level_level_N12,385,base.MXN
l10n_mx_payslip.hr_salary_tab_PHN122,Plan Salarial para Honorarios,PH,l10n_mx_payslip.hr_salary_tab_level_scale_2,l10n_mx_payslip.hr_salary_tab_level_level_N12,386,base.MXN
l10n_mx_payslip.hr_salary_tab_PHN123,Plan Salarial para Honorarios,PH,l10n_mx_payslip.hr_salary_tab_level_scale_3,l10n_mx_payslip.hr_salary_tab_level_level_N12,387,base.MXN
l10n_mx_payslip.hr_salary_tab_PHN124,Plan Salarial para Honorarios,PH,l10n_mx_payslip.hr_salary_tab_level_scale_4,l10n_mx_payslip.hr_salary_tab_level_level_N12,388,base.MXN
l10n_mx_payslip.hr_salary_tab_PHN125,Plan Salarial para Honorarios,PH,l10n_mx_payslip.hr_salary_tab_level_scale_5,l10n_mx_payslip.hr_salary_tab_level_level_N12,389,base.MXN
l10n_mx_payslip.hr_salary_tab_PHN131,Plan Salarial para Honorarios,PH,l10n_mx_payslip.hr_salary_tab_level_scale_1,l10n_mx_payslip.hr_salary_tab_level_level_N13,390,base.MXN
l10n_mx_payslip.hr_salary_tab_PHN132,Plan Salarial para Honorarios,PH,l10n_mx_payslip.hr_salary_tab_level_scale_2,l10n_mx_payslip.hr_salary_tab_level_level_N13,391,base.MXN
l10n_mx_payslip.hr_salary_tab_PHN133,Plan Salarial para Honorarios,PH,l10n_mx_payslip.hr_salary_tab_level_scale_3,l10n_mx_payslip.hr_salary_tab_level_level_N13,392,base.MXN
l10n_mx_payslip.hr_salary_tab_PHN134,Plan Salarial para Honorarios,PH,l10n_mx_payslip.hr_salary_tab_level_scale_4,l10n_mx_payslip.hr_salary_tab_level_level_N13,393,base.MXN
l10n_mx_payslip.hr_salary_tab_PHN135,Plan Salarial para Honorarios,PH,l10n_mx_payslip.hr_salary_tab_level_scale_5,l10n_mx_payslip.hr_salary_tab_level_level_N13,394,base.MXN
l10n_mx_payslip.hr_salary_tab_PHN136,Plan Salarial para Honorarios,PH,l10n_mx_payslip.hr_salary_tab_level_scale_6,l10n_mx_payslip.hr_salary_tab_level_level_N13,395,base.MXN
l10n_mx_payslip.hr_salary_tab_PHN141,Plan Salarial para Honorarios,PH,l10n_mx_payslip.hr_salary_tab_level_scale_1,l10n_mx_payslip.hr_salary_tab_level_level_N14,396,base.MXN
l10n_mx_payslip.hr_salary_tab_PHN142,Plan Salarial para Honorarios,PH,l10n_mx_payslip.hr_salary_tab_level_scale_2,l10n_mx_payslip.hr_salary_tab_level_level_N14,397,base.MXN
l10n_mx_payslip.hr_salary_tab_PHN143,Plan Salarial para Honorarios,PH,l10n_mx_payslip.hr_salary_tab_level_scale_3,l10n_mx_payslip.hr_salary_tab_level_level_N14,398,base.MXN
l10n_mx_payslip.hr_salary_tab_PHN144,Plan Salarial para Honorarios,PH,l10n_mx_payslip.hr_salary_tab_level_scale_4,l10n_mx_payslip.hr_salary_tab_level_level_N14,399,base.MXN
l10n_mx_payslip.hr_salary_tab_PHN145,Plan Salarial para Honorarios,PH,l10n_mx_payslip.hr_salary_tab_level_scale_5,l10n_mx_payslip.hr_salary_tab_level_level_N14,400,base.MXN
l10n_mx_payslip.hr_salary_tab_PHN151,Plan Salarial para Honorarios,PH,l10n_mx_payslip.hr_salary_tab_level_scale_1,l10n_mx_payslip.hr_salary_tab_level_level_N15,401,base.MXN
l10n_mx_payslip.hr_salary_tab_PHN152,Plan Salarial para Honorarios,PH,l10n_mx_payslip.hr_salary_tab_level_scale_2,l10n_mx_payslip.hr_salary_tab_level_level_N15,402,base.MXN
l10n_mx_payslip.hr_salary_tab_PHN153,Plan Salarial para Honorarios,PH,l10n_mx_payslip.hr_salary_tab_level_scale_3,l10n_mx_payslip.hr_salary_tab_level_level_N15,403,base.MXN
l10n_mx_payslip.hr_salary_tab_PHN154,Plan Salarial para Honorarios,PH,l10n_mx_payslip.hr_salary_tab_level_scale_4,l10n_mx_payslip.hr_salary_tab_level_level_N15,404,base.MXN
l10n_mx_payslip.hr_salary_tab_PHN155,Plan Salarial para Honorarios,PH,l10n_mx_payslip.hr_salary_tab_level_scale_5,l10n_mx_payslip.hr_salary_tab_level_level_N15,405,base.MXN
l10n_mx_payslip.hr_salary_tab_PHN161,Plan Salarial para Honorarios,PH,l10n_mx_payslip.hr_salary_tab_level_scale_1,l10n_mx_payslip.hr_salary_tab_level_level_N16,406,base.MXN
l10n_mx_payslip.hr_salary_tab_PHN162,Plan Salarial para Honorarios,PH,l10n_mx_payslip.hr_salary_tab_level_scale_2,l10n_mx_payslip.hr_salary_tab_level_level_N16,407,base.MXN
l10n_mx_payslip.hr_salary_tab_PHN163,Plan Salarial para Honorarios,PH,l10n_mx_payslip.hr_salary_tab_level_scale_3,l10n_mx_payslip.hr_salary_tab_level_level_N16,408,base.MXN
l10n_mx_payslip.hr_salary_tab_PHN164,Plan Salarial para Honorarios,PH,l10n_mx_payslip.hr_salary_tab_level_scale_4,l10n_mx_payslip.hr_salary_tab_level_level_N16,409,base.MXN
l10n_mx_payslip.hr_salary_tab_PHN165,Plan Salarial para Honorarios,PH,l10n_mx_payslip.hr_salary_tab_level_scale_5,l10n_mx_payslip.hr_salary_tab_level_level_N16,410,base.MXN
l10n_mx_payslip.hr_salary_tab_PHN171,Plan Salarial para Honorarios,PH,l10n_mx_payslip.hr_salary_tab_level_scale_1,l10n_mx_payslip.hr_salary_tab_level_level_N17,411,base.MXN
l10n_mx_payslip.hr_salary_tab_PHN172,Plan Salarial para Honorarios,PH,l10n_mx_payslip.hr_salary_tab_level_scale_2,l10n_mx_payslip.hr_salary_tab_level_level_N17,412,base.MXN
l10n_mx_payslip.hr_salary_tab_PHN173,Plan Salarial para Honorarios,PH,l10n_mx_payslip.hr_salary_tab_level_scale_3,l10n_mx_payslip.hr_salary_tab_level_level_N17,413,base.MXN
l10n_mx_payslip.hr_salary_tab_PHN174,Plan Salarial para Honorarios,PH,l10n_mx_payslip.hr_salary_tab_level_scale_4,l10n_mx_payslip.hr_salary_tab_level_level_N17,414,base.MXN
l10n_mx_payslip.hr_salary_tab_PHN175,Plan Salarial para Honorarios,PH,l10n_mx_payslip.hr_salary_tab_level_scale_5,l10n_mx_payslip.hr_salary_tab_level_level_N17,415,base.MXN
l10n_mx_payslip.hr_salary_tab_PHN181,Plan Salarial para Honorarios,PH,l10n_mx_payslip.hr_salary_tab_level_scale_1,l10n_mx_payslip.hr_salary_tab_level_level_N18,416,base.MXN
l10n_mx_payslip.hr_salary_tab_PHN182,Plan Salarial para Honorarios,PH,l10n_mx_payslip.hr_salary_tab_level_scale_2,l10n_mx_payslip.hr_salary_tab_level_level_N18,417,base.MXN
l10n_mx_payslip.hr_salary_tab_PHN183,Plan Salarial para Honorarios,PH,l10n_mx_payslip.hr_salary_tab_level_scale_3,l10n_mx_payslip.hr_salary_tab_level_level_N18,418,base.MXN
l10n_mx_payslip.hr_salary_tab_PHN184,Plan Salarial para Honorarios,PH,l10n_mx_payslip.hr_salary_tab_level_scale_4,l10n_mx_payslip.hr_salary_tab_level_level_N18,419,base.MXN
l10n_mx_payslip.hr_salary_tab_PHN185,Plan Salarial para Honorarios,PH,l10n_mx_payslip.hr_salary_tab_level_scale_5,l10n_mx_payslip.hr_salary_tab_level_level_N18,420,base.MXN
l10n_mx_payslip.hr_salary_tab_PHN191,Plan Salarial para Honorarios,PH,l10n_mx_payslip.hr_salary_tab_level_scale_1,l10n_mx_payslip.hr_salary_tab_level_level_N19,421,base.MXN
l10n_mx_payslip.hr_salary_tab_PHN192,Plan Salarial para Honorarios,PH,l10n_mx_payslip.hr_salary_tab_level_scale_2,l10n_mx_payslip.hr_salary_tab_level_level_N19,422,base.MXN
l10n_mx_payslip.hr_salary_tab_PHN193,Plan Salarial para Honorarios,PH,l10n_mx_payslip.hr_salary_tab_level_scale_3,l10n_mx_payslip.hr_salary_tab_level_level_N19,423,base.MXN
l10n_mx_payslip.hr_salary_tab_PHN194,Plan Salarial para Honorarios,PH,l10n_mx_payslip.hr_salary_tab_level_scale_4,l10n_mx_payslip.hr_salary_tab_level_level_N19,424,base.MXN
l10n_mx_payslip.hr_salary_tab_PHN195,Plan Salarial para Honorarios,PH,l10n_mx_payslip.hr_salary_tab_level_scale_5,l10n_mx_payslip.hr_salary_tab_level_level_N19,425,base.MXN
l10n_mx_payslip.hr_salary_tab_PHN201,Plan Salarial para Honorarios,PH,l10n_mx_payslip.hr_salary_tab_level_scale_1,l10n_mx_payslip.hr_salary_tab_level_level_N20,426,base.MXN
l10n_mx_payslip.hr_salary_tab_PHN202,Plan Salarial para Honorarios,PH,l10n_mx_payslip.hr_salary_tab_level_scale_2,l10n_mx_payslip.hr_salary_tab_level_level_N20,427,base.MXN
l10n_mx_payslip.hr_salary_tab_PHN203,Plan Salarial para Honorarios,PH,l10n_mx_payslip.hr_salary_tab_level_scale_3,l10n_mx_payslip.hr_salary_tab_level_level_N20,428,base.MXN
l10n_mx_payslip.hr_salary_tab_PHN204,Plan Salarial para Honorarios,PH,l10n_mx_payslip.hr_salary_tab_level_scale_4,l10n_mx_payslip.hr_salary_tab_level_level_N20,429,base.MXN
l10n_mx_payslip.hr_salary_tab_PHN205,Plan Salarial para Honorarios,PH,l10n_mx_payslip.hr_salary_tab_level_scale_5,l10n_mx_payslip.hr_salary_tab_level_level_N20,430,base.MXN
l10n_mx_payslip.hr_salary_tab_PHN211,Plan Salarial para Honorarios,PH,l10n_mx_payslip.hr_salary_tab_level_scale_1,l10n_mx_payslip.hr_salary_tab_level_level_N21,431,base.MXN
l10n_mx_payslip.hr_salary_tab_PHN212,Plan Salarial para Honorarios,PH,l10n_mx_payslip.hr_salary_tab_level_scale_2,l10n_mx_payslip.hr_salary_tab_level_level_N21,432,base.MXN
l10n_mx_payslip.hr_salary_tab_PHN213,Plan Salarial para Honorarios,PH,l10n_mx_payslip.hr_salary_tab_level_scale_3,l10n_mx_payslip.hr_salary_tab_level_level_N21,433,base.MXN
l10n_mx_payslip.hr_salary_tab_PHN214,Plan Salarial para Honorarios,PH,l10n_mx_payslip.hr_salary_tab_level_scale_4,l10n_mx_payslip.hr_salary_tab_level_level_N21,434,base.MXN
l10n_mx_payslip.hr_salary_tab_PHN215,Plan Salarial para Honorarios,PH,l10n_mx_payslip.hr_salary_tab_level_scale_5,l10n_mx_payslip.hr_salary_tab_level_level_N21,435,base.MXN
l10n_mx_payslip.hr_salary_tab_PHN221,Plan Salarial para Honorarios,PH,l10n_mx_payslip.hr_salary_tab_level_scale_1,l10n_mx_payslip.hr_salary_tab_level_level_N22,436,base.MXN
l10n_mx_payslip.hr_salary_tab_PHN222,Plan Salarial para Honorarios,PH,l10n_mx_payslip.hr_salary_tab_level_scale_2,l10n_mx_payslip.hr_salary_tab_level_level_N22,437,base.MXN
l10n_mx_payslip.hr_salary_tab_PHN223,Plan Salarial para Honorarios,PH,l10n_mx_payslip.hr_salary_tab_level_scale_3,l10n_mx_payslip.hr_salary_tab_level_level_N22,438,base.MXN
l10n_mx_payslip.hr_salary_tab_PHN224,Plan Salarial para Honorarios,PH,l10n_mx_payslip.hr_salary_tab_level_scale_4,l10n_mx_payslip.hr_salary_tab_level_level_N22,439,base.MXN
l10n_mx_payslip.hr_salary_tab_PHN225,Plan Salarial para Honorarios,PH,l10n_mx_payslip.hr_salary_tab_level_scale_5,l10n_mx_payslip.hr_salary_tab_level_level_N22,440,base.MXN
l10n_mx_payslip.hr_salary_tab_PHN231,Plan Salarial para Honorarios,PH,l10n_mx_payslip.hr_salary_tab_level_scale_1,l10n_mx_payslip.hr_salary_tab_level_level_N23,441,base.MXN
l10n_mx_payslip.hr_salary_tab_PHN232,Plan Salarial para Honorarios,PH,l10n_mx_payslip.hr_salary_tab_level_scale_2,l10n_mx_payslip.hr_salary_tab_level_level_N23,442,base.MXN
l10n_mx_payslip.hr_salary_tab_PHN233,Plan Salarial para Honorarios,PH,l10n_mx_payslip.hr_salary_tab_level_scale_3,l10n_mx_payslip.hr_salary_tab_level_level_N23,443,base.MXN
l10n_mx_payslip.hr_salary_tab_PHN234,Plan Salarial para Honorarios,PH,l10n_mx_payslip.hr_salary_tab_level_scale_4,l10n_mx_payslip.hr_salary_tab_level_level_N23,444,base.MXN
l10n_mx_payslip.hr_salary_tab_PHN235,Plan Salarial para Honorarios,PH,l10n_mx_payslip.hr_salary_tab_level_scale_5,l10n_mx_payslip.hr_salary_tab_level_level_N23,445,base.MXN
l10n_mx_payslip.hr_salary_tab_PPRVN031,Plan Salarial Proveedora,PPRV,l10n_mx_payslip.hr_salary_tab_level_scale_1,l10n_mx_payslip.hr_salary_tab_level_level_N03,446,base.MXN
l10n_mx_payslip.hr_salary_tab_PPRVN032,Plan Salarial Proveedora,PPRV,l10n_mx_payslip.hr_salary_tab_level_scale_2,l10n_mx_payslip.hr_salary_tab_level_level_N03,447,base.MXN
l10n_mx_payslip.hr_salary_tab_PPRVN033,Plan Salarial Proveedora,PPRV,l10n_mx_payslip.hr_salary_tab_level_scale_3,l10n_mx_payslip.hr_salary_tab_level_level_N03,448,base.MXN
l10n_mx_payslip.hr_salary_tab_PPRVN034,Plan Salarial Proveedora,PPRV,l10n_mx_payslip.hr_salary_tab_level_scale_4,l10n_mx_payslip.hr_salary_tab_level_level_N03,449,base.MXN
l10n_mx_payslip.hr_salary_tab_PPRVN035,Plan Salarial Proveedora,PPRV,l10n_mx_payslip.hr_salary_tab_level_scale_5,l10n_mx_payslip.hr_salary_tab_level_level_N03,450,base.MXN
l10n_mx_payslip.hr_salary_tab_PPRVN036,Plan Salarial Proveedora,PPRV,l10n_mx_payslip.hr_salary_tab_level_scale_6,l10n_mx_payslip.hr_salary_tab_level_level_N03,451,base.MXN
l10n_mx_payslip.hr_salary_tab_PPRVN041,Plan Salarial Proveedora,PPRV,l10n_mx_payslip.hr_salary_tab_level_scale_1,l10n_mx_payslip.hr_salary_tab_level_level_N04,452,base.MXN
l10n_mx_payslip.hr_salary_tab_PPRVN042,Plan Salarial Proveedora,PPRV,l10n_mx_payslip.hr_salary_tab_level_scale_2,l10n_mx_payslip.hr_salary_tab_level_level_N04,453,base.MXN
l10n_mx_payslip.hr_salary_tab_PPRVN051,Plan Salarial Proveedora,PPRV,l10n_mx_payslip.hr_salary_tab_level_scale_1,l10n_mx_payslip.hr_salary_tab_level_level_N05,454,base.MXN
l10n_mx_payslip.hr_salary_tab_PPRVN052,Plan Salarial Proveedora,PPRV,l10n_mx_payslip.hr_salary_tab_level_scale_2,l10n_mx_payslip.hr_salary_tab_level_level_N05,455,base.MXN
l10n_mx_payslip.hr_salary_tab_PPRVN061,Plan Salarial Proveedora,PPRV,l10n_mx_payslip.hr_salary_tab_level_scale_1,l10n_mx_payslip.hr_salary_tab_level_level_N06,456,base.MXN
l10n_mx_payslip.hr_salary_tab_PPRVN081,Plan Salarial Proveedora,PPRV,l10n_mx_payslip.hr_salary_tab_level_scale_1,l10n_mx_payslip.hr_salary_tab_level_level_N08,457,base.MXN
l10n_mx_payslip.hr_salary_tab_PPRVN091,Plan Salarial Proveedora,PPRV,l10n_mx_payslip.hr_salary_tab_level_scale_1,l10n_mx_payslip.hr_salary_tab_level_level_N09,458,base.MXN
l10n_mx_payslip.hr_salary_tab_PPRVN111,Plan Salarial Proveedora,PPRV,l10n_mx_payslip.hr_salary_tab_level_scale_1,l10n_mx_payslip.hr_salary_tab_level_level_N11,459,base.MXN
l10n_mx_payslip.hr_salary_tab_PPRVN121,Plan Salarial Proveedora,PPRV,l10n_mx_payslip.hr_salary_tab_level_scale_1,l10n_mx_payslip.hr_salary_tab_level_level_N12,460,base.MXN
l10n_mx_payslip.hr_salary_tab_PPRVN141,Plan Salarial Proveedora,PPRV,l10n_mx_payslip.hr_salary_tab_level_scale_1,l10n_mx_payslip.hr_salary_tab_level_level_N14,461,base.MXN
l10n_mx_payslip.hr_salary_tab_PSN001,Plan Salarial,PS,l10n_mx_payslip.hr_salary_tab_level_scale_1,l10n_mx_payslip.hr_salary_tab_level_level_N00,462,base.MXN
l10n_mx_payslip.hr_salary_tab_PSN002,Plan Salarial,PS,l10n_mx_payslip.hr_salary_tab_level_scale_2,l10n_mx_payslip.hr_salary_tab_level_level_N00,463,base.MXN
l10n_mx_payslip.hr_salary_tab_PSN003,Plan Salarial,PS,l10n_mx_payslip.hr_salary_tab_level_scale_3,l10n_mx_payslip.hr_salary_tab_level_level_N00,464,base.MXN
l10n_mx_payslip.hr_salary_tab_PSN004,Plan Salarial,PS,l10n_mx_payslip.hr_salary_tab_level_scale_4,l10n_mx_payslip.hr_salary_tab_level_level_N00,465,base.MXN
l10n_mx_payslip.hr_salary_tab_PSN005,Plan Salarial,PS,l10n_mx_payslip.hr_salary_tab_level_scale_5,l10n_mx_payslip.hr_salary_tab_level_level_N00,466,base.MXN
l10n_mx_payslip.hr_salary_tab_PSN011,Plan Salarial,PS,l10n_mx_payslip.hr_salary_tab_level_scale_1,l10n_mx_payslip.hr_salary_tab_level_level_N01,467,base.MXN
l10n_mx_payslip.hr_salary_tab_PSN012,Plan Salarial,PS,l10n_mx_payslip.hr_salary_tab_level_scale_2,l10n_mx_payslip.hr_salary_tab_level_level_N01,468,base.MXN
l10n_mx_payslip.hr_salary_tab_PSN013,Plan Salarial,PS,l10n_mx_payslip.hr_salary_tab_level_scale_3,l10n_mx_payslip.hr_salary_tab_level_level_N01,469,base.MXN
l10n_mx_payslip.hr_salary_tab_PSN014,Plan Salarial,PS,l10n_mx_payslip.hr_salary_tab_level_scale_4,l10n_mx_payslip.hr_salary_tab_level_level_N01,470,base.MXN
l10n_mx_payslip.hr_salary_tab_PSN015,Plan Salarial,PS,l10n_mx_payslip.hr_salary_tab_level_scale_5,l10n_mx_payslip.hr_salary_tab_level_level_N01,471,base.MXN
l10n_mx_payslip.hr_salary_tab_PSN021,Plan Salarial,PS,l10n_mx_payslip.hr_salary_tab_level_scale_1,l10n_mx_payslip.hr_salary_tab_level_level_N02,472,base.MXN
l10n_mx_payslip.hr_salary_tab_PSN022,Plan Salarial,PS,l10n_mx_payslip.hr_salary_tab_level_scale_2,l10n_mx_payslip.hr_salary_tab_level_level_N02,473,base.MXN
l10n_mx_payslip.hr_salary_tab_PSN023,Plan Salarial,PS,l10n_mx_payslip.hr_salary_tab_level_scale_3,l10n_mx_payslip.hr_salary_tab_level_level_N02,474,base.MXN
l10n_mx_payslip.hr_salary_tab_PSN024,Plan Salarial,PS,l10n_mx_payslip.hr_salary_tab_level_scale_4,l10n_mx_payslip.hr_salary_tab_level_level_N02,475,base.MXN
l10n_mx_payslip.hr_salary_tab_PSN025,Plan Salarial,PS,l10n_mx_payslip.hr_salary_tab_level_scale_5,l10n_mx_payslip.hr_salary_tab_level_level_N02,476,base.MXN
l10n_mx_payslip.hr_salary_tab_PSN031,Plan Salarial,PS,l10n_mx_payslip.hr_salary_tab_level_scale_1,l10n_mx_payslip.hr_salary_tab_level_level_N03,477,base.MXN
l10n_mx_payslip.hr_salary_tab_PSN032,Plan Salarial,PS,l10n_mx_payslip.hr_salary_tab_level_scale_2,l10n_mx_payslip.hr_salary_tab_level_level_N03,478,base.MXN
l10n_mx_payslip.hr_salary_tab_PSN033,Plan Salarial,PS,l10n_mx_payslip.hr_salary_tab_level_scale_3,l10n_mx_payslip.hr_salary_tab_level_level_N03,479,base.MXN
l10n_mx_payslip.hr_salary_tab_PSN034,Plan Salarial,PS,l10n_mx_payslip.hr_salary_tab_level_scale_4,l10n_mx_payslip.hr_salary_tab_level_level_N03,480,base.MXN
l10n_mx_payslip.hr_salary_tab_PSN035,Plan Salarial,PS,l10n_mx_payslip.hr_salary_tab_level_scale_5,l10n_mx_payslip.hr_salary_tab_level_level_N03,481,base.MXN
l10n_mx_payslip.hr_salary_tab_PSN041,Plan Salarial,PS,l10n_mx_payslip.hr_salary_tab_level_scale_1,l10n_mx_payslip.hr_salary_tab_level_level_N04,482,base.MXN
l10n_mx_payslip.hr_salary_tab_PSN042,Plan Salarial,PS,l10n_mx_payslip.hr_salary_tab_level_scale_2,l10n_mx_payslip.hr_salary_tab_level_level_N04,483,base.MXN
l10n_mx_payslip.hr_salary_tab_PSN043,Plan Salarial,PS,l10n_mx_payslip.hr_salary_tab_level_scale_3,l10n_mx_payslip.hr_salary_tab_level_level_N04,484,base.MXN
l10n_mx_payslip.hr_salary_tab_PSN044,Plan Salarial,PS,l10n_mx_payslip.hr_salary_tab_level_scale_4,l10n_mx_payslip.hr_salary_tab_level_level_N04,485,base.MXN
l10n_mx_payslip.hr_salary_tab_PSN045,Plan Salarial,PS,l10n_mx_payslip.hr_salary_tab_level_scale_5,l10n_mx_payslip.hr_salary_tab_level_level_N04,486,base.MXN
l10n_mx_payslip.hr_salary_tab_PSN051,Plan Salarial,PS,l10n_mx_payslip.hr_salary_tab_level_scale_1,l10n_mx_payslip.hr_salary_tab_level_level_N05,487,base.MXN
l10n_mx_payslip.hr_salary_tab_PSN052,Plan Salarial,PS,l10n_mx_payslip.hr_salary_tab_level_scale_2,l10n_mx_payslip.hr_salary_tab_level_level_N05,488,base.MXN
l10n_mx_payslip.hr_salary_tab_PSN053,Plan Salarial,PS,l10n_mx_payslip.hr_salary_tab_level_scale_3,l10n_mx_payslip.hr_salary_tab_level_level_N05,489,base.MXN
l10n_mx_payslip.hr_salary_tab_PSN054,Plan Salarial,PS,l10n_mx_payslip.hr_salary_tab_level_scale_4,l10n_mx_payslip.hr_salary_tab_level_level_N05,490,base.MXN
l10n_mx_payslip.hr_salary_tab_PSN055,Plan Salarial,PS,l10n_mx_payslip.hr_salary_tab_level_scale_5,l10n_mx_payslip.hr_salary_tab_level_level_N05,491,base.MXN
l10n_mx_payslip.hr_salary_tab_PSN061,Plan Salarial,PS,l10n_mx_payslip.hr_salary_tab_level_scale_1,l10n_mx_payslip.hr_salary_tab_level_level_N06,492,base.MXN
l10n_mx_payslip.hr_salary_tab_PSN062,Plan Salarial,PS,l10n_mx_payslip.hr_salary_tab_level_scale_2,l10n_mx_payslip.hr_salary_tab_level_level_N06,493,base.MXN
l10n_mx_payslip.hr_salary_tab_PSN063,Plan Salarial,PS,l10n_mx_payslip.hr_salary_tab_level_scale_3,l10n_mx_payslip.hr_salary_tab_level_level_N06,494,base.MXN
l10n_mx_payslip.hr_salary_tab_PSN064,Plan Salarial,PS,l10n_mx_payslip.hr_salary_tab_level_scale_4,l10n_mx_payslip.hr_salary_tab_level_level_N06,495,base.MXN
l10n_mx_payslip.hr_salary_tab_PSN065,Plan Salarial,PS,l10n_mx_payslip.hr_salary_tab_level_scale_5,l10n_mx_payslip.hr_salary_tab_level_level_N06,496,base.MXN
l10n_mx_payslip.hr_salary_tab_PSN071,Plan Salarial,PS,l10n_mx_payslip.hr_salary_tab_level_scale_1,l10n_mx_payslip.hr_salary_tab_level_level_N07,497,base.MXN
l10n_mx_payslip.hr_salary_tab_PSN072,Plan Salarial,PS,l10n_mx_payslip.hr_salary_tab_level_scale_2,l10n_mx_payslip.hr_salary_tab_level_level_N07,498,base.MXN
l10n_mx_payslip.hr_salary_tab_PSN073,Plan Salarial,PS,l10n_mx_payslip.hr_salary_tab_level_scale_3,l10n_mx_payslip.hr_salary_tab_level_level_N07,499,base.MXN
l10n_mx_payslip.hr_salary_tab_PSN074,Plan Salarial,PS,l10n_mx_payslip.hr_salary_tab_level_scale_4,l10n_mx_payslip.hr_salary_tab_level_level_N07,500,base.MXN
l10n_mx_payslip.hr_salary_tab_PSN075,Plan Salarial,PS,l10n_mx_payslip.hr_salary_tab_level_scale_5,l10n_mx_payslip.hr_salary_tab_level_level_N07,501,base.MXN
l10n_mx_payslip.hr_salary_tab_PSN081,Plan Salarial,PS,l10n_mx_payslip.hr_salary_tab_level_scale_1,l10n_mx_payslip.hr_salary_tab_level_level_N08,502,base.MXN
l10n_mx_payslip.hr_salary_tab_PSN082,Plan Salarial,PS,l10n_mx_payslip.hr_salary_tab_level_scale_2,l10n_mx_payslip.hr_salary_tab_level_level_N08,503,base.MXN
l10n_mx_payslip.hr_salary_tab_PSN083,Plan Salarial,PS,l10n_mx_payslip.hr_salary_tab_level_scale_3,l10n_mx_payslip.hr_salary_tab_level_level_N08,504,base.MXN
l10n_mx_payslip.hr_salary_tab_PSN084,Plan Salarial,PS,l10n_mx_payslip.hr_salary_tab_level_scale_4,l10n_mx_payslip.hr_salary_tab_level_level_N08,505,base.MXN
l10n_mx_payslip.hr_salary_tab_PSN085,Plan Salarial,PS,l10n_mx_payslip.hr_salary_tab_level_scale_5,l10n_mx_payslip.hr_salary_tab_level_level_N08,506,base.MXN
l10n_mx_payslip.hr_salary_tab_PSN091,Plan Salarial,PS,l10n_mx_payslip.hr_salary_tab_level_scale_1,l10n_mx_payslip.hr_salary_tab_level_level_N09,507,base.MXN
l10n_mx_payslip.hr_salary_tab_PSN092,Plan Salarial,PS,l10n_mx_payslip.hr_salary_tab_level_scale_2,l10n_mx_payslip.hr_salary_tab_level_level_N09,508,base.MXN
l10n_mx_payslip.hr_salary_tab_PSN093,Plan Salarial,PS,l10n_mx_payslip.hr_salary_tab_level_scale_3,l10n_mx_payslip.hr_salary_tab_level_level_N09,509,base.MXN
l10n_mx_payslip.hr_salary_tab_PSN094,Plan Salarial,PS,l10n_mx_payslip.hr_salary_tab_level_scale_4,l10n_mx_payslip.hr_salary_tab_level_level_N09,510,base.MXN
l10n_mx_payslip.hr_salary_tab_PSN095,Plan Salarial,PS,l10n_mx_payslip.hr_salary_tab_level_scale_5,l10n_mx_payslip.hr_salary_tab_level_level_N09,511,base.MXN
l10n_mx_payslip.hr_salary_tab_PSN101,Plan Salarial,PS,l10n_mx_payslip.hr_salary_tab_level_scale_1,l10n_mx_payslip.hr_salary_tab_level_level_N10,512,base.MXN
l10n_mx_payslip.hr_salary_tab_PSN102,Plan Salarial,PS,l10n_mx_payslip.hr_salary_tab_level_scale_2,l10n_mx_payslip.hr_salary_tab_level_level_N10,513,base.MXN
l10n_mx_payslip.hr_salary_tab_PSN103,Plan Salarial,PS,l10n_mx_payslip.hr_salary_tab_level_scale_3,l10n_mx_payslip.hr_salary_tab_level_level_N10,514,base.MXN
l10n_mx_payslip.hr_salary_tab_PSN104,Plan Salarial,PS,l10n_mx_payslip.hr_salary_tab_level_scale_4,l10n_mx_payslip.hr_salary_tab_level_level_N10,515,base.MXN
l10n_mx_payslip.hr_salary_tab_PSN105,Plan Salarial,PS,l10n_mx_payslip.hr_salary_tab_level_scale_5,l10n_mx_payslip.hr_salary_tab_level_level_N10,516,base.MXN
l10n_mx_payslip.hr_salary_tab_PSN111,Plan Salarial,PS,l10n_mx_payslip.hr_salary_tab_level_scale_1,l10n_mx_payslip.hr_salary_tab_level_level_N11,517,base.MXN
l10n_mx_payslip.hr_salary_tab_PSN112,Plan Salarial,PS,l10n_mx_payslip.hr_salary_tab_level_scale_2,l10n_mx_payslip.hr_salary_tab_level_level_N11,518,base.MXN
l10n_mx_payslip.hr_salary_tab_PSN113,Plan Salarial,PS,l10n_mx_payslip.hr_salary_tab_level_scale_3,l10n_mx_payslip.hr_salary_tab_level_level_N11,519,base.MXN
l10n_mx_payslip.hr_salary_tab_PSN114,Plan Salarial,PS,l10n_mx_payslip.hr_salary_tab_level_scale_4,l10n_mx_payslip.hr_salary_tab_level_level_N11,520,base.MXN
l10n_mx_payslip.hr_salary_tab_PSN115,Plan Salarial,PS,l10n_mx_payslip.hr_salary_tab_level_scale_5,l10n_mx_payslip.hr_salary_tab_level_level_N11,521,base.MXN
l10n_mx_payslip.hr_salary_tab_PSN121,Plan Salarial,PS,l10n_mx_payslip.hr_salary_tab_level_scale_1,l10n_mx_payslip.hr_salary_tab_level_level_N12,522,base.MXN
l10n_mx_payslip.hr_salary_tab_PSN122,Plan Salarial,PS,l10n_mx_payslip.hr_salary_tab_level_scale_2,l10n_mx_payslip.hr_salary_tab_level_level_N12,523,base.MXN
l10n_mx_payslip.hr_salary_tab_PSN123,Plan Salarial,PS,l10n_mx_payslip.hr_salary_tab_level_scale_3,l10n_mx_payslip.hr_salary_tab_level_level_N12,524,base.MXN
l10n_mx_payslip.hr_salary_tab_PSN124,Plan Salarial,PS,l10n_mx_payslip.hr_salary_tab_level_scale_4,l10n_mx_payslip.hr_salary_tab_level_level_N12,525,base.MXN
l10n_mx_payslip.hr_salary_tab_PSN125,Plan Salarial,PS,l10n_mx_payslip.hr_salary_tab_level_scale_5,l10n_mx_payslip.hr_salary_tab_level_level_N12,526,base.MXN
l10n_mx_payslip.hr_salary_tab_PSN131,Plan Salarial,PS,l10n_mx_payslip.hr_salary_tab_level_scale_1,l10n_mx_payslip.hr_salary_tab_level_level_N13,527,base.MXN
l10n_mx_payslip.hr_salary_tab_PSN132,Plan Salarial,PS,l10n_mx_payslip.hr_salary_tab_level_scale_2,l10n_mx_payslip.hr_salary_tab_level_level_N13,528,base.MXN
l10n_mx_payslip.hr_salary_tab_PSN133,Plan Salarial,PS,l10n_mx_payslip.hr_salary_tab_level_scale_3,l10n_mx_payslip.hr_salary_tab_level_level_N13,529,base.MXN
l10n_mx_payslip.hr_salary_tab_PSN134,Plan Salarial,PS,l10n_mx_payslip.hr_salary_tab_level_scale_4,l10n_mx_payslip.hr_salary_tab_level_level_N13,530,base.MXN
l10n_mx_payslip.hr_salary_tab_PSN135,Plan Salarial,PS,l10n_mx_payslip.hr_salary_tab_level_scale_5,l10n_mx_payslip.hr_salary_tab_level_level_N13,531,base.MXN
l10n_mx_payslip.hr_salary_tab_PSN141,Plan Salarial,PS,l10n_mx_payslip.hr_salary_tab_level_scale_1,l10n_mx_payslip.hr_salary_tab_level_level_N14,532,base.MXN
l10n_mx_payslip.hr_salary_tab_PSN142,Plan Salarial,PS,l10n_mx_payslip.hr_salary_tab_level_scale_2,l10n_mx_payslip.hr_salary_tab_level_level_N14,533,base.MXN
l10n_mx_payslip.hr_salary_tab_PSN143,Plan Salarial,PS,l10n_mx_payslip.hr_salary_tab_level_scale_3,l10n_mx_payslip.hr_salary_tab_level_level_N14,534,base.MXN
l10n_mx_payslip.hr_salary_tab_PSN144,Plan Salarial,PS,l10n_mx_payslip.hr_salary_tab_level_scale_4,l10n_mx_payslip.hr_salary_tab_level_level_N14,535,base.MXN
l10n_mx_payslip.hr_salary_tab_PSN145,Plan Salarial,PS,l10n_mx_payslip.hr_salary_tab_level_scale_5,l10n_mx_payslip.hr_salary_tab_level_level_N14,536,base.MXN
l10n_mx_payslip.hr_salary_tab_PSN151,Plan Salarial,PS,l10n_mx_payslip.hr_salary_tab_level_scale_1,l10n_mx_payslip.hr_salary_tab_level_level_N15,537,base.MXN
l10n_mx_payslip.hr_salary_tab_PSN152,Plan Salarial,PS,l10n_mx_payslip.hr_salary_tab_level_scale_2,l10n_mx_payslip.hr_salary_tab_level_level_N15,538,base.MXN
l10n_mx_payslip.hr_salary_tab_PSN153,Plan Salarial,PS,l10n_mx_payslip.hr_salary_tab_level_scale_3,l10n_mx_payslip.hr_salary_tab_level_level_N15,539,base.MXN
l10n_mx_payslip.hr_salary_tab_PSN154,Plan Salarial,PS,l10n_mx_payslip.hr_salary_tab_level_scale_4,l10n_mx_payslip.hr_salary_tab_level_level_N15,540,base.MXN
l10n_mx_payslip.hr_salary_tab_PSN155,Plan Salarial,PS,l10n_mx_payslip.hr_salary_tab_level_scale_5,l10n_mx_payslip.hr_salary_tab_level_level_N15,541,base.MXN
l10n_mx_payslip.hr_salary_tab_PSN161,Plan Salarial,PS,l10n_mx_payslip.hr_salary_tab_level_scale_1,l10n_mx_payslip.hr_salary_tab_level_level_N16,542,base.MXN
l10n_mx_payslip.hr_salary_tab_PSN162,Plan Salarial,PS,l10n_mx_payslip.hr_salary_tab_level_scale_2,l10n_mx_payslip.hr_salary_tab_level_level_N16,543,base.MXN
l10n_mx_payslip.hr_salary_tab_PSN163,Plan Salarial,PS,l10n_mx_payslip.hr_salary_tab_level_scale_3,l10n_mx_payslip.hr_salary_tab_level_level_N16,544,base.MXN
l10n_mx_payslip.hr_salary_tab_PSN164,Plan Salarial,PS,l10n_mx_payslip.hr_salary_tab_level_scale_4,l10n_mx_payslip.hr_salary_tab_level_level_N16,545,base.MXN
l10n_mx_payslip.hr_salary_tab_PSN165,Plan Salarial,PS,l10n_mx_payslip.hr_salary_tab_level_scale_5,l10n_mx_payslip.hr_salary_tab_level_level_N16,546,base.MXN
l10n_mx_payslip.hr_salary_tab_PSN171,Plan Salarial,PS,l10n_mx_payslip.hr_salary_tab_level_scale_1,l10n_mx_payslip.hr_salary_tab_level_level_N17,547,base.MXN
l10n_mx_payslip.hr_salary_tab_PSN172,Plan Salarial,PS,l10n_mx_payslip.hr_salary_tab_level_scale_2,l10n_mx_payslip.hr_salary_tab_level_level_N17,548,base.MXN
l10n_mx_payslip.hr_salary_tab_PSN173,Plan Salarial,PS,l10n_mx_payslip.hr_salary_tab_level_scale_3,l10n_mx_payslip.hr_salary_tab_level_level_N17,549,base.MXN
l10n_mx_payslip.hr_salary_tab_PSN174,Plan Salarial,PS,l10n_mx_payslip.hr_salary_tab_level_scale_4,l10n_mx_payslip.hr_salary_tab_level_level_N17,550,base.MXN
l10n_mx_payslip.hr_salary_tab_PSN175,Plan Salarial,PS,l10n_mx_payslip.hr_salary_tab_level_scale_5,l10n_mx_payslip.hr_salary_tab_level_level_N17,551,base.MXN
l10n_mx_payslip.hr_salary_tab_PSN181,Plan Salarial,PS,l10n_mx_payslip.hr_salary_tab_level_scale_1,l10n_mx_payslip.hr_salary_tab_level_level_N18,552,base.MXN
l10n_mx_payslip.hr_salary_tab_PSN182,Plan Salarial,PS,l10n_mx_payslip.hr_salary_tab_level_scale_2,l10n_mx_payslip.hr_salary_tab_level_level_N18,553,base.MXN
l10n_mx_payslip.hr_salary_tab_PSN183,Plan Salarial,PS,l10n_mx_payslip.hr_salary_tab_level_scale_3,l10n_mx_payslip.hr_salary_tab_level_level_N18,554,base.MXN
l10n_mx_payslip.hr_salary_tab_PSN184,Plan Salarial,PS,l10n_mx_payslip.hr_salary_tab_level_scale_4,l10n_mx_payslip.hr_salary_tab_level_level_N18,555,base.MXN
l10n_mx_payslip.hr_salary_tab_PSN185,Plan Salarial,PS,l10n_mx_payslip.hr_salary_tab_level_scale_5,l10n_mx_payslip.hr_salary_tab_level_level_N18,556,base.MXN
l10n_mx_payslip.hr_salary_tab_PSN191,Plan Salarial,PS,l10n_mx_payslip.hr_salary_tab_level_scale_1,l10n_mx_payslip.hr_salary_tab_level_level_N19,557,base.MXN
l10n_mx_payslip.hr_salary_tab_PSN192,Plan Salarial,PS,l10n_mx_payslip.hr_salary_tab_level_scale_2,l10n_mx_payslip.hr_salary_tab_level_level_N19,558,base.MXN
l10n_mx_payslip.hr_salary_tab_PSN193,Plan Salarial,PS,l10n_mx_payslip.hr_salary_tab_level_scale_3,l10n_mx_payslip.hr_salary_tab_level_level_N19,559,base.MXN
l10n_mx_payslip.hr_salary_tab_PSN194,Plan Salarial,PS,l10n_mx_payslip.hr_salary_tab_level_scale_4,l10n_mx_payslip.hr_salary_tab_level_level_N19,560,base.MXN
l10n_mx_payslip.hr_salary_tab_PSN195,Plan Salarial,PS,l10n_mx_payslip.hr_salary_tab_level_scale_5,l10n_mx_payslip.hr_salary_tab_level_level_N19,561,base.MXN
l10n_mx_payslip.hr_salary_tab_PSN201,Plan Salarial,PS,l10n_mx_payslip.hr_salary_tab_level_scale_1,l10n_mx_payslip.hr_salary_tab_level_level_N20,562,base.MXN
l10n_mx_payslip.hr_salary_tab_PSN202,Plan Salarial,PS,l10n_mx_payslip.hr_salary_tab_level_scale_2,l10n_mx_payslip.hr_salary_tab_level_level_N20,563,base.MXN
l10n_mx_payslip.hr_salary_tab_PSN203,Plan Salarial,PS,l10n_mx_payslip.hr_salary_tab_level_scale_3,l10n_mx_payslip.hr_salary_tab_level_level_N20,564,base.MXN
l10n_mx_payslip.hr_salary_tab_PSN204,Plan Salarial,PS,l10n_mx_payslip.hr_salary_tab_level_scale_4,l10n_mx_payslip.hr_salary_tab_level_level_N20,565,base.MXN
l10n_mx_payslip.hr_salary_tab_PSN205,Plan Salarial,PS,l10n_mx_payslip.hr_salary_tab_level_scale_5,l10n_mx_payslip.hr_salary_tab_level_level_N20,566,base.MXN
l10n_mx_payslip.hr_salary_tab_PSN211,Plan Salarial,PS,l10n_mx_payslip.hr_salary_tab_level_scale_1,l10n_mx_payslip.hr_salary_tab_level_level_N21,567,base.MXN
l10n_mx_payslip.hr_salary_tab_PSN212,Plan Salarial,PS,l10n_mx_payslip.hr_salary_tab_level_scale_2,l10n_mx_payslip.hr_salary_tab_level_level_N21,568,base.MXN
l10n_mx_payslip.hr_salary_tab_PSN213,Plan Salarial,PS,l10n_mx_payslip.hr_salary_tab_level_scale_3,l10n_mx_payslip.hr_salary_tab_level_level_N21,569,base.MXN
l10n_mx_payslip.hr_salary_tab_PSN214,Plan Salarial,PS,l10n_mx_payslip.hr_salary_tab_level_scale_4,l10n_mx_payslip.hr_salary_tab_level_level_N21,570,base.MXN
l10n_mx_payslip.hr_salary_tab_PSN215,Plan Salarial,PS,l10n_mx_payslip.hr_salary_tab_level_scale_5,l10n_mx_payslip.hr_salary_tab_level_level_N21,571,base.MXN
l10n_mx_payslip.hr_salary_tab_PSN221,Plan Salarial,PS,l10n_mx_payslip.hr_salary_tab_level_scale_1,l10n_mx_payslip.hr_salary_tab_level_level_N22,572,base.MXN
l10n_mx_payslip.hr_salary_tab_PSN222,Plan Salarial,PS,l10n_mx_payslip.hr_salary_tab_level_scale_2,l10n_mx_payslip.hr_salary_tab_level_level_N22,573,base.MXN
l10n_mx_payslip.hr_salary_tab_PSN223,Plan Salarial,PS,l10n_mx_payslip.hr_salary_tab_level_scale_3,l10n_mx_payslip.hr_salary_tab_level_level_N22,574,base.MXN
l10n_mx_payslip.hr_salary_tab_PSN224,Plan Salarial,PS,l10n_mx_payslip.hr_salary_tab_level_scale_4,l10n_mx_payslip.hr_salary_tab_level_level_N22,575,base.MXN
l10n_mx_payslip.hr_salary_tab_PSN225,Plan Salarial,PS,l10n_mx_payslip.hr_salary_tab_level_scale_5,l10n_mx_payslip.hr_salary_tab_level_level_N22,576,base.MXN
l10n_mx_payslip.hr_salary_tab_PSN231,Plan Salarial,PS,l10n_mx_payslip.hr_salary_tab_level_scale_1,l10n_mx_payslip.hr_salary_tab_level_level_N23,577,base.MXN
l10n_mx_payslip.hr_salary_tab_PSN232,Plan Salarial,PS,l10n_mx_payslip.hr_salary_tab_level_scale_2,l10n_mx_payslip.hr_salary_tab_level_level_N23,578,base.MXN
l10n_mx_payslip.hr_salary_tab_PSN233,Plan Salarial,PS,l10n_mx_payslip.hr_salary_tab_level_scale_3,l10n_mx_payslip.hr_salary_tab_level_level_N23,579,base.MXN
l10n_mx_payslip.hr_salary_tab_PSN234,Plan Salarial,PS,l10n_mx_payslip.hr_salary_tab_level_scale_4,l10n_mx_payslip.hr_salary_tab_level_level_N23,580,base.MXN
l10n_mx_payslip.hr_salary_tab_PSN235,Plan Salarial,PS,l10n_mx_payslip.hr_salary_tab_level_scale_5,l10n_mx_payslip.hr_salary_tab_level_level_N23,581,base.MXN
l10n_mx_payslip.hr_salary_tab_PSSN001,Plan Salarial Servicio Social,PSS,l10n_mx_payslip.hr_salary_tab_level_scale_1,l10n_mx_payslip.hr_salary_tab_level_level_N00,56,base.MXN
l10n_mx_payslip.hr_salary_tab_PSSN011,Plan Salarial Servicio Social,PSS,l10n_mx_payslip.hr_salary_tab_level_scale_1,l10n_mx_payslip.hr_salary_tab_level_level_N01,79.53,base.MXN
l10n_mx_payslip.hr_salary_tab_PSSN012,Plan Salarial Servicio Social,PSS,l10n_mx_payslip.hr_salary_tab_level_scale_2,l10n_mx_payslip.hr_salary_tab_level_level_N01,86.53,base.MXN
l10n_mx_payslip.hr_salary_tab_PSSN013,Plan Salarial Servicio Social,PSS,l10n_mx_payslip.hr_salary_tab_level_scale_3,l10n_mx_payslip.hr_salary_tab_level_level_N01,93.9,base.MXN
l10n_mx_payslip.hr_salary_tab_PSSN014,Plan Salarial Servicio Social,PSS,l10n_mx_payslip.hr_salary_tab_level_scale_4,l10n_mx_payslip.hr_salary_tab_level_level_N01,101.4,base.MXN
l10n_mx_payslip.hr_salary_tab_PSSN015,Plan Salarial Servicio Social,PSS,l10n_mx_payslip.hr_salary_tab_level_scale_5,l10n_mx_payslip.hr_salary_tab_level_level_N01,109.03,base.MXN
l10n_mx_payslip.hr_salary_tab_PSSN016,Plan Salarial Servicio Social,PSS,l10n_mx_payslip.hr_salary_tab_level_scale_6,l10n_mx_payslip.hr_salary_tab_level_level_N01,116.67,base.MXN
l10n_mx_payslip.hr_salary_tab_PSSN041,Plan Salarial Servicio Social,PSS,l10n_mx_payslip.hr_salary_tab_level_scale_1,l10n_mx_payslip.hr_salary_tab_level_level_N04,143.2,base.MXN
l10n_mx_payslip.hr_salary_tab_PSSN042,Plan Salarial Servicio Social,PSS,l10n_mx_payslip.hr_salary_tab_level_scale_2,l10n_mx_payslip.hr_salary_tab_level_level_N04,155.8,base.MXN
l10n_mx_payslip.hr_salary_tab_PSSN043,Plan Salarial Servicio Social,PSS,l10n_mx_payslip.hr_salary_tab_level_scale_3,l10n_mx_payslip.hr_salary_tab_level_level_N04,169.07,base.MXN
l10n_mx_payslip.hr_salary_tab_PSSN044,Plan Salarial Servicio Social,PSS,l10n_mx_payslip.hr_salary_tab_level_scale_4,l10n_mx_payslip.hr_salary_tab_level_level_N04,182.57,base.MXN
l10n_mx_payslip.hr_salary_tab_PSSN045,Plan Salarial Servicio Social,PSS,l10n_mx_payslip.hr_salary_tab_level_scale_5,l10n_mx_payslip.hr_salary_tab_level_level_N04,196.27,base.MXN
l10n_mx_payslip.hr_salary_tab_PSSN046,Plan Salarial Servicio Social,PSS,l10n_mx_payslip.hr_salary_tab_level_scale_6,l10n_mx_payslip.hr_salary_tab_level_level_N04,210,base.MXN
l10n_mx_payslip.hr_salary_tab_1189_8bb5ba55,Plan Salarial Externo,EXT,l10n_mx_payslip.hr_salary_tab_level_scale_1,l10n_mx_payslip.hr_salary_tab_level_level_N01,1,base.MXN
l10n_mx_payslip.hr_salary_tab_1191_9b2fd724,Plan Salarial FRD,FRD,l10n_mx_payslip.hr_salary_tab_level_scale_2,l10n_mx_payslip.hr_salary_tab_level_level_N03,123.22,base.MXN
l10n_mx_payslip.hr_salary_tab_09_FINFRD1,FINFRD1DG,FINFRD1,l10n_mx_payslip.hr_salary_tab_level_scale_09_1,l10n_mx_payslip.hr_salary_tab_level_level_09_N00,1,base.MXN
l10n_mx_payslip.hr_salary_tab_09_PROVFRD2,PROVFRD2OP,PROVFRD2,l10n_mx_payslip.hr_salary_tab_level_scale_09_2,l10n_mx_payslip.hr_salary_tab_level_level_09_N01,1,base.MXN
l10n_mx_payslip.hr_salary_tab_09_G2FRD3,G2FRD3ADM,G2FRD3,l10n_mx_payslip.hr_salary_tab_level_scale_09_3,l10n_mx_payslip.hr_salary_tab_level_level_09_N02,1,base.MXN
l10n_mx_payslip.hr_salary_tab_07_GCPP01,Plan Salarial Grupo de Control Porvenir,GCPP01,l10n_mx_payslip.hr_salary_tab_level_scale_07_1,l10n_mx_payslip.hr_salary_tab_level_level_07_N00,1,base.MXN
